--------------------------------------------------------------------------------------------------
      name:  <unnamed>
       log:  /Users/yuanhaining/Desktop/card paper replication .log
  log type:  text
 opened on:   8 Oct 2025, 11:02:53

. use "/Users/yuanhaining/Desktop/laborHW1_cps_1984-2010.dta"

. do "/var/folders/n6/b63hv83n6kv6klpfspjfc53c0000gn/T//SD16029.000000"

. 1 *Q4
1 is not a valid command name
r(199);

end of do-file

r(199);

. do "/var/folders/n6/b63hv83n6kv6klpfspjfc53c0000gn/T//SD16029.000000"

. * --- Q4 setup: load Card & Krueger data ---
. clear all

. set more off

. 
. * Set the working directory
. cd "/Users/yuanhaining/Desktop/"
/Users/yuanhaining/Desktop

. 
. * Load the dataset
.  use cardnj.dta, clear

. 
end of do-file

. do "/var/folders/n6/b63hv83n6kv6klpfspjfc53c0000gn/T//SD16029.000000"

. * part c:  Table 2 from Card & Krueger (1994)
. * Verify data structure
. describe

Contains data from cardnj.dta
 Observations:           410                  
    Variables:            46                  5 Nov 2021 04:00
--------------------------------------------------------------------------------------------------
Variable      Storage   Display    Value
    name         type    format    label      Variable label
--------------------------------------------------------------------------------------------------
SHEET           float   %9.0g                 sheet number (unique store id)
CHAIN           byte    %8.0g                 chain 1=bk; 2=kfc; 3=roys; 4=wendys
CO_OWNED        byte    %8.0g                 1 if company owned
STATE           byte    %8.0g                 1 if NJ; 0 if Pa
SOUTHJ          byte    %8.0g                 1 if in southern NJ
CENTRALJ        byte    %8.0g                 1 if in central NJ
NORTHJ          byte    %8.0g                 1 if in northern NJ
PA1             byte    %8.0g                 1 if in PA, northeast suburbs of Phila
PA2             byte    %8.0g                 1 if in PA, Easton etc
SHORE           byte    %8.0g                 1 if on NJ shore
NCALLS          float   %9.0g                 number of call-backs*
EMPFT           float   %9.0g                 # full-time employees
EMPPT           float   %9.0g                 # part-time employees
NMGRS           float   %9.0g                 # managers/ass't managers
WAGE_ST         float   %9.0g                 starting wage ($/hr)
INCTIME         float   %9.0g                 months to usual first raise
FIRSTINC        float   %9.0g                 usual amount of first raise ($/hr)
BONUS           byte    %8.0g                 1 if cash bounty for new workers
PCTAFF          float   %9.0g                 % employees affected by new minimum
MEALS           byte    %8.0g                 free/reduced price code (See below)
OPEN            float   %9.0g                 hour of opening
HRSOPEN         float   %9.0g                 number hrs open per day
PSODA           float   %9.0g                 price of medium soda, including tax
PFRY            float   %9.0g                 price of small fries, including tax
PENTREE         float   %9.0g                 price of entree, including tax
NREGS           float   %9.0g                 number of cash registers in store
NREGS11         float   %9.0g                 number of registers open at 11:00 am
TYPE2           byte    %8.0g                 type 2nd interview 1=phone; 2=personal
STATUS2         byte    %8.0g                 status of second interview: see below
DATE2           float   %td                   date of second interview MMDDYY format
NCALLS2         float   %9.0g                 number of call-backs*
EMPFT2          float   %9.0g                 # full-time employees
EMPPT2          float   %9.0g                 # part-time employees
NMGRS2          float   %9.0g                 # managers/ass't managers
WAGE_ST2        float   %9.0g                 starting wage ($/hr)
INCTIME2        float   %9.0g                 months to usual first raise
FIRSTIN2        float   %9.0g                 usual amount of first raise ($/hr)
SPECIAL2        byte    %8.0g                 1 if special program for new workers
MEALS2          byte    %8.0g                 free/reduced price code (See below)
OPEN2R          float   %9.0g                 hour of opening
HRSOPEN2        float   %9.0g                 number hrs open per day
PSODA2          float   %9.0g                 price of medium soda, including tax
PFRY2           float   %9.0g                 price of small fries, including tax
PENTREE2        float   %9.0g                 price of entree, including tax
NREGS2          float   %9.0g                 number of cash registers in store
NREGS112        float   %9.0g                 number of registers open at 11:00 am
--------------------------------------------------------------------------------------------------
Sorted by: 

. 
. * 1️⃣ Balance of store types (Burger King, KFC, Roy Rogers, Wendy's)
. tab CHAIN STATE, col

+-------------------+
| Key               |
|-------------------|
|     frequency     |
| column percentage |
+-------------------+

     chain |
     1=bk; |
    2=kfc; |
   3=roys; |   1 if NJ; 0 if Pa
  4=wendys |         0          1 |     Total
-----------+----------------------+----------
         1 |        35        136 |       171 
           |     44.30      41.09 |     41.71 
-----------+----------------------+----------
         2 |        12         68 |        80 
           |     15.19      20.54 |     19.51 
-----------+----------------------+----------
         3 |        17         82 |        99 
           |     21.52      24.77 |     24.15 
-----------+----------------------+----------
         4 |        15         45 |        60 
           |     18.99      13.60 |     14.63 
-----------+----------------------+----------
     Total |        79        331 |       410 
           |    100.00     100.00 |    100.00 

. 
. * 2️⃣ Means in Wave 1 (Pre-treatment, Feb–Mar 1992)
. * Key outcome and covariates
. bysort STATE: summarize EMPTFT EMPPT NMGRS WAGE_ST PSODA PFry PENTREE HRSOPEN REGBON

--------------------------------------------------------------------------------------------------
-> STATE = 0
variable EMPTFT not found
r(111);

end of do-file

r(111);

. do "/var/folders/n6/b63hv83n6kv6klpfspjfc53c0000gn/T//SD16029.000000"

. * part c:  Table 2 from Card & Krueger (1994)
. * Verify data structure
. describe

Contains data from cardnj.dta
 Observations:           410                  
    Variables:            46                  5 Nov 2021 04:00
--------------------------------------------------------------------------------------------------
Variable      Storage   Display    Value
    name         type    format    label      Variable label
--------------------------------------------------------------------------------------------------
SHEET           float   %9.0g                 sheet number (unique store id)
CHAIN           byte    %8.0g                 chain 1=bk; 2=kfc; 3=roys; 4=wendys
CO_OWNED        byte    %8.0g                 1 if company owned
STATE           byte    %8.0g                 1 if NJ; 0 if Pa
SOUTHJ          byte    %8.0g                 1 if in southern NJ
CENTRALJ        byte    %8.0g                 1 if in central NJ
NORTHJ          byte    %8.0g                 1 if in northern NJ
PA1             byte    %8.0g                 1 if in PA, northeast suburbs of Phila
PA2             byte    %8.0g                 1 if in PA, Easton etc
SHORE           byte    %8.0g                 1 if on NJ shore
NCALLS          float   %9.0g                 number of call-backs*
EMPFT           float   %9.0g                 # full-time employees
EMPPT           float   %9.0g                 # part-time employees
NMGRS           float   %9.0g                 # managers/ass't managers
WAGE_ST         float   %9.0g                 starting wage ($/hr)
INCTIME         float   %9.0g                 months to usual first raise
FIRSTINC        float   %9.0g                 usual amount of first raise ($/hr)
BONUS           byte    %8.0g                 1 if cash bounty for new workers
PCTAFF          float   %9.0g                 % employees affected by new minimum
MEALS           byte    %8.0g                 free/reduced price code (See below)
OPEN            float   %9.0g                 hour of opening
HRSOPEN         float   %9.0g                 number hrs open per day
PSODA           float   %9.0g                 price of medium soda, including tax
PFRY            float   %9.0g                 price of small fries, including tax
PENTREE         float   %9.0g                 price of entree, including tax
NREGS           float   %9.0g                 number of cash registers in store
NREGS11         float   %9.0g                 number of registers open at 11:00 am
TYPE2           byte    %8.0g                 type 2nd interview 1=phone; 2=personal
STATUS2         byte    %8.0g                 status of second interview: see below
DATE2           float   %td                   date of second interview MMDDYY format
NCALLS2         float   %9.0g                 number of call-backs*
EMPFT2          float   %9.0g                 # full-time employees
EMPPT2          float   %9.0g                 # part-time employees
NMGRS2          float   %9.0g                 # managers/ass't managers
WAGE_ST2        float   %9.0g                 starting wage ($/hr)
INCTIME2        float   %9.0g                 months to usual first raise
FIRSTIN2        float   %9.0g                 usual amount of first raise ($/hr)
SPECIAL2        byte    %8.0g                 1 if special program for new workers
MEALS2          byte    %8.0g                 free/reduced price code (See below)
OPEN2R          float   %9.0g                 hour of opening
HRSOPEN2        float   %9.0g                 number hrs open per day
PSODA2          float   %9.0g                 price of medium soda, including tax
PFRY2           float   %9.0g                 price of small fries, including tax
PENTREE2        float   %9.0g                 price of entree, including tax
NREGS2          float   %9.0g                 number of cash registers in store
NREGS112        float   %9.0g                 number of registers open at 11:00 am
--------------------------------------------------------------------------------------------------
Sorted by: STATE

. * ️1 Distribution of store types (Burger King, KFC, Roy Rogers, Wendy's)
. tab CHAIN STATE, col

+-------------------+
| Key               |
|-------------------|
|     frequency     |
| column percentage |
+-------------------+

     chain |
     1=bk; |
    2=kfc; |
   3=roys; |   1 if NJ; 0 if Pa
  4=wendys |         0          1 |     Total
-----------+----------------------+----------
         1 |        35        136 |       171 
           |     44.30      41.09 |     41.71 
-----------+----------------------+----------
         2 |        12         68 |        80 
           |     15.19      20.54 |     19.51 
-----------+----------------------+----------
         3 |        17         82 |        99 
           |     21.52      24.77 |     24.15 
-----------+----------------------+----------
         4 |        15         45 |        60 
           |     18.99      13.60 |     14.63 
-----------+----------------------+----------
     Total |        79        331 |       410 
           |    100.00     100.00 |    100.00 

. 
. * 2 Create full-time-equivalent (FTE) employment for Wave 1
. gen FTE1 = EMPFT + 0.5*EMPPT
(6 missing values generated)

. 
. * 3 Calculate summary statistics for Wave 1 (Pre-treatment)
. bysort STATE: summarize FTE1 EMPFT EMPPT NMGRS WAGE_ST PSODA PFRY PENTREE HRSOPEN

--------------------------------------------------------------------------------------------------
-> STATE = 0

    Variable |        Obs        Mean    Std. dev.       Min        Max
-------------+---------------------------------------------------------
        FTE1 |         78    19.94872    11.67994        4.5       67.5
       EMPFT |         78    10.20513    10.77589          0         50
       EMPPT |         78    19.48718    9.577427          2         55
       NMGRS |         78    3.538462    1.101266          1          7
     WAGE_ST |         76    4.630132    .3516873       4.25        5.5
-------------+---------------------------------------------------------
       PSODA |         77    .9746753    .0694827        .73       1.13
        PFRY |         77     .841948      .08751        .69       1.05
     PENTREE |         77    1.215065    .6228893        .52        3.5
     HRSOPEN |         79    14.52532    2.951422          8         24

--------------------------------------------------------------------------------------------------
-> STATE = 1

    Variable |        Obs        Mean    Std. dev.       Min        Max
-------------+---------------------------------------------------------
        FTE1 |        326    17.06518    8.727993          3         80
       EMPFT |        326    7.723926     7.96389          0         60
       EMPPT |        328     18.6753    10.20586          0         60
       NMGRS |        326    3.392025    .9972875          1         10
     WAGE_ST |        314    4.612134    .3463505       4.25       5.75
-------------+---------------------------------------------------------
       PSODA |        325    1.061508    .0845789        .85       1.49
        PFRY |        316    .9414873    .1007779        .67       1.27
     PENTREE |        321    1.347882    .6461413        .49       3.95
     HRSOPEN |        331    14.41843    2.779414          7         24


. 
. * 4 Create FTE for Wave 2
. gen FTE2 = EMPFT2 + 0.5*EMPPT2
(13 missing values generated)

. 
. * 5 Summary statistics for Wave 2 (Post-treatment)
. bysort STATE: summarize FTE2 EMPFT2 EMPPT2 NMGRS2 WAGE_ST2 PSODA2 PFRY2 PENTREE2 HRSOPEN2

--------------------------------------------------------------------------------------------------
-> STATE = 0

    Variable |        Obs        Mean    Std. dev.       Min        Max
-------------+---------------------------------------------------------
        FTE2 |         77    17.54221    7.909272          0      38.25
      EMPFT2 |         77    7.564935    8.492005          0         35
      EMPPT2 |         77    19.95455    10.20422          0         48
      NMGRS2 |         78    3.641026    1.289058          0          8
    WAGE_ST2 |         71    4.617465    .3574781       4.25       6.25
-------------+---------------------------------------------------------
      PSODA2 |         77    .9754545     .084348        .41       1.11
       PFRY2 |         73     .859863    .0952991        .69       1.11
    PENTREE2 |         75    1.185467    .5779607        .63       2.64
    HRSOPEN2 |         78    14.65385    2.887847          9         24

--------------------------------------------------------------------------------------------------
-> STATE = 1

    Variable |        Obs        Mean    Std. dev.       Min        Max
-------------+---------------------------------------------------------
        FTE2 |        320    17.57266    8.778737          0       55.5
      EMPFT2 |        321    8.445483    7.844942          0         40
      EMPPT2 |        323    18.37307    10.80736          0         60
      NMGRS2 |        326    3.446319    1.100085          0          8
    WAGE_ST2 |        318    5.080849    .1045445          5       5.75
-------------+---------------------------------------------------------
      PSODA2 |        311    1.062154    .0876845        .84        1.4
       PFRY2 |        309    .9604531    .1035182        .73       1.37
    PENTREE2 |        311    1.394727    .6602745        .41       2.85
    HRSOPEN2 |        321    14.41978    2.721297          8         24


. 
. * 6 t-tests comparing NJ vs. PA
. ttest FTE1, by(STATE)

Two-sample t test with equal variances
------------------------------------------------------------------------------
   Group |     Obs        Mean    Std. err.   Std. dev.   [95% conf. interval]
---------+--------------------------------------------------------------------
       0 |      78    19.94872    1.322493    11.67994     17.3153    22.58214
       1 |     326    17.06518    .4833988    8.727993     16.1142    18.01617
---------+--------------------------------------------------------------------
Combined |     404    17.62191    .4688249    9.423264    16.70026    18.54355
---------+--------------------------------------------------------------------
    diff |            2.883534    1.180528                .5627538    5.204314
------------------------------------------------------------------------------
    diff = mean(0) - mean(1)                                      t =   2.4426
H0: diff = 0                                     Degrees of freedom =      402

    Ha: diff < 0                 Ha: diff != 0                 Ha: diff > 0
 Pr(T < t) = 0.9925         Pr(|T| > |t|) = 0.0150          Pr(T > t) = 0.0075

. ttest FTE2, by(STATE)

Two-sample t test with equal variances
------------------------------------------------------------------------------
   Group |     Obs        Mean    Std. err.   Std. dev.   [95% conf. interval]
---------+--------------------------------------------------------------------
       0 |      77    17.54221    .9013452    7.909272    15.74702    19.33739
       1 |     320    17.57266    .4907463    8.778737    16.60715    18.53816
---------+--------------------------------------------------------------------
Combined |     397    17.56675    .4319923    8.607385    16.71747    18.41604
---------+--------------------------------------------------------------------
    diff |           -.0304485    1.093943               -2.181127     2.12023
------------------------------------------------------------------------------
    diff = mean(0) - mean(1)                                      t =  -0.0278
H0: diff = 0                                     Degrees of freedom =      395

    Ha: diff < 0                 Ha: diff != 0                 Ha: diff > 0
 Pr(T < t) = 0.4889         Pr(|T| > |t|) = 0.9778          Pr(T > t) = 0.5111

. ttest WAGE_ST, by(STATE)

Two-sample t test with equal variances
------------------------------------------------------------------------------
   Group |     Obs        Mean    Std. err.   Std. dev.   [95% conf. interval]
---------+--------------------------------------------------------------------
       0 |      76    4.630132    .0403413    .3516873    4.549768    4.710496
       1 |     314    4.612134    .0195457    .3463505    4.573676    4.650591
---------+--------------------------------------------------------------------
Combined |     390    4.615641    .0175718    .3470151    4.581093    4.650189
---------+--------------------------------------------------------------------
    diff |            .0179978    .0444095               -.0693156    .1053113
------------------------------------------------------------------------------
    diff = mean(0) - mean(1)                                      t =   0.4053
H0: diff = 0                                     Degrees of freedom =      388

    Ha: diff < 0                 Ha: diff != 0                 Ha: diff > 0
 Pr(T < t) = 0.6572         Pr(|T| > |t|) = 0.6855          Pr(T > t) = 0.3428

. ttest WAGE_ST2, by(STATE)

Two-sample t test with equal variances
------------------------------------------------------------------------------
   Group |     Obs        Mean    Std. err.   Std. dev.   [95% conf. interval]
---------+--------------------------------------------------------------------
       0 |      71    4.617465    .0424249    .3574781    4.532851    4.702078
       1 |     318    5.080849    .0058626    .1045445    5.069315    5.092384
---------+--------------------------------------------------------------------
Combined |     389    4.996273    .0128373    .2531905    4.971033    5.021512
---------+--------------------------------------------------------------------
    diff |           -.4633844    .0235051               -.5095982   -.4171707
------------------------------------------------------------------------------
    diff = mean(0) - mean(1)                                      t = -19.7142
H0: diff = 0                                     Degrees of freedom =      387

    Ha: diff < 0                 Ha: diff != 0                 Ha: diff > 0
 Pr(T < t) = 0.0000         Pr(|T| > |t|) = 0.0000          Pr(T > t) = 1.0000

. ttest PSODA2, by(STATE)

Two-sample t test with equal variances
------------------------------------------------------------------------------
   Group |     Obs        Mean    Std. err.   Std. dev.   [95% conf. interval]
---------+--------------------------------------------------------------------
       0 |      77    .9754545    .0096124     .084348    .9563099    .9945992
       1 |     311    1.062154    .0049721    .0876845    1.052371    1.071938
---------+--------------------------------------------------------------------
Combined |     388    1.044948    .0047501     .093567    1.035609    1.054288
---------+--------------------------------------------------------------------
    diff |           -.0866998    .0110789               -.1084824   -.0649172
------------------------------------------------------------------------------
    diff = mean(0) - mean(1)                                      t =  -7.8256
H0: diff = 0                                     Degrees of freedom =      386

    Ha: diff < 0                 Ha: diff != 0                 Ha: diff > 0
 Pr(T < t) = 0.0000         Pr(|T| > |t|) = 0.0000          Pr(T > t) = 1.0000

. ttest PFRY2, by(STATE)

Two-sample t test with equal variances
------------------------------------------------------------------------------
   Group |     Obs        Mean    Std. err.   Std. dev.   [95% conf. interval]
---------+--------------------------------------------------------------------
       0 |      73     .859863    .0111539    .0952991    .8376281    .8820979
       1 |     309    .9604531    .0058889    .1035182    .9488654    .9720407
---------+--------------------------------------------------------------------
Combined |     382    .9412304    .0055925    .1093037    .9302344    .9522263
---------+--------------------------------------------------------------------
    diff |           -.1005901    .0132752               -.1266921    -.074488
------------------------------------------------------------------------------
    diff = mean(0) - mean(1)                                      t =  -7.5773
H0: diff = 0                                     Degrees of freedom =      380

    Ha: diff < 0                 Ha: diff != 0                 Ha: diff > 0
 Pr(T < t) = 0.0000         Pr(|T| > |t|) = 0.0000          Pr(T > t) = 1.0000

. ttest PENTREE2, by(STATE)

Two-sample t test with equal variances
------------------------------------------------------------------------------
   Group |     Obs        Mean    Std. err.   Std. dev.   [95% conf. interval]
---------+--------------------------------------------------------------------
       0 |      75    1.185467    .0667372    .5779607     1.05249    1.318443
       1 |     311    1.394727    .0374407    .6602745    1.321057    1.468397
---------+--------------------------------------------------------------------
Combined |     386    1.354067     .033069    .6497019    1.289049    1.419086
---------+--------------------------------------------------------------------
    diff |             -.20926    .0830036               -.3724584   -.0460616
------------------------------------------------------------------------------
    diff = mean(0) - mean(1)                                      t =  -2.5211
H0: diff = 0                                     Degrees of freedom =      384

    Ha: diff < 0                 Ha: diff != 0                 Ha: diff > 0
 Pr(T < t) = 0.0061         Pr(|T| > |t|) = 0.0121          Pr(T > t) = 0.9939

. 
end of do-file

. do "/var/folders/n6/b63hv83n6kv6klpfspjfc53c0000gn/T//SD16029.000000"

. * display means neatly
. table STATE, c(mean FTE1 mean FTE2 mean WAGE_ST mean WAGE_ST2 mean PSODA2 mean PFRY2 mean PENTRE
> E2)
option contents() not allowed since Stata 17; see help table for updated syntax
r(198);

end of do-file

r(198);

. do "/var/folders/n6/b63hv83n6kv6klpfspjfc53c0000gn/T//SD16029.000000"

. * Display group means (New Jersey vs. Pennsylvania)
. *------------------------------------------------------------*
. table (STATE) () ( ///
>     result mean FTE1 ///
>     result mean FTE2 ///
>     result mean WAGE_ST ///
>     result mean WAGE_ST2 ///
>     result mean PSODA2 ///
>     result mean PFRY2 ///
>     result mean PENTREE2 ///
> )
variable mean not found
r(111);

end of do-file

r(111);

. do "/var/folders/n6/b63hv83n6kv6klpfspjfc53c0000gn/T//SD16029.000000"

. * part c:  Table 2 from Card & Krueger (1994)
. * Verify data structure
. describe

Contains data from cardnj.dta
 Observations:           410                  
    Variables:            48                  5 Nov 2021 04:00
--------------------------------------------------------------------------------------------------
Variable      Storage   Display    Value
    name         type    format    label      Variable label
--------------------------------------------------------------------------------------------------
SHEET           float   %9.0g                 sheet number (unique store id)
CHAIN           byte    %8.0g                 chain 1=bk; 2=kfc; 3=roys; 4=wendys
CO_OWNED        byte    %8.0g                 1 if company owned
STATE           byte    %8.0g                 1 if NJ; 0 if Pa
SOUTHJ          byte    %8.0g                 1 if in southern NJ
CENTRALJ        byte    %8.0g                 1 if in central NJ
NORTHJ          byte    %8.0g                 1 if in northern NJ
PA1             byte    %8.0g                 1 if in PA, northeast suburbs of Phila
PA2             byte    %8.0g                 1 if in PA, Easton etc
SHORE           byte    %8.0g                 1 if on NJ shore
NCALLS          float   %9.0g                 number of call-backs*
EMPFT           float   %9.0g                 # full-time employees
EMPPT           float   %9.0g                 # part-time employees
NMGRS           float   %9.0g                 # managers/ass't managers
WAGE_ST         float   %9.0g                 starting wage ($/hr)
INCTIME         float   %9.0g                 months to usual first raise
FIRSTINC        float   %9.0g                 usual amount of first raise ($/hr)
BONUS           byte    %8.0g                 1 if cash bounty for new workers
PCTAFF          float   %9.0g                 % employees affected by new minimum
MEALS           byte    %8.0g                 free/reduced price code (See below)
OPEN            float   %9.0g                 hour of opening
HRSOPEN         float   %9.0g                 number hrs open per day
PSODA           float   %9.0g                 price of medium soda, including tax
PFRY            float   %9.0g                 price of small fries, including tax
PENTREE         float   %9.0g                 price of entree, including tax
NREGS           float   %9.0g                 number of cash registers in store
NREGS11         float   %9.0g                 number of registers open at 11:00 am
TYPE2           byte    %8.0g                 type 2nd interview 1=phone; 2=personal
STATUS2         byte    %8.0g                 status of second interview: see below
DATE2           float   %td                   date of second interview MMDDYY format
NCALLS2         float   %9.0g                 number of call-backs*
EMPFT2          float   %9.0g                 # full-time employees
EMPPT2          float   %9.0g                 # part-time employees
NMGRS2          float   %9.0g                 # managers/ass't managers
WAGE_ST2        float   %9.0g                 starting wage ($/hr)
INCTIME2        float   %9.0g                 months to usual first raise
FIRSTIN2        float   %9.0g                 usual amount of first raise ($/hr)
SPECIAL2        byte    %8.0g                 1 if special program for new workers
MEALS2          byte    %8.0g                 free/reduced price code (See below)
OPEN2R          float   %9.0g                 hour of opening
HRSOPEN2        float   %9.0g                 number hrs open per day
PSODA2          float   %9.0g                 price of medium soda, including tax
PFRY2           float   %9.0g                 price of small fries, including tax
PENTREE2        float   %9.0g                 price of entree, including tax
NREGS2          float   %9.0g                 number of cash registers in store
NREGS112        float   %9.0g                 number of registers open at 11:00 am
FTE1            float   %9.0g                 
FTE2            float   %9.0g                 
--------------------------------------------------------------------------------------------------
Sorted by: STATE
     Note: Dataset has changed since last saved.

. * ️1 Distribution of store types (Burger King, KFC, Roy Rogers, Wendy's)
. tab CHAIN STATE, col

+-------------------+
| Key               |
|-------------------|
|     frequency     |
| column percentage |
+-------------------+

     chain |
     1=bk; |
    2=kfc; |
   3=roys; |   1 if NJ; 0 if Pa
  4=wendys |         0          1 |     Total
-----------+----------------------+----------
         1 |        35        136 |       171 
           |     44.30      41.09 |     41.71 
-----------+----------------------+----------
         2 |        12         68 |        80 
           |     15.19      20.54 |     19.51 
-----------+----------------------+----------
         3 |        17         82 |        99 
           |     21.52      24.77 |     24.15 
-----------+----------------------+----------
         4 |        15         45 |        60 
           |     18.99      13.60 |     14.63 
-----------+----------------------+----------
     Total |        79        331 |       410 
           |    100.00     100.00 |    100.00 

. 
. * 2 Create full-time-equivalent (FTE) employment for Wave 1
. gen FTE1 = EMPFT + 0.5*EMPPT
variable FTE1 already defined
r(110);

end of do-file

r(110);

. do "/var/folders/n6/b63hv83n6kv6klpfspjfc53c0000gn/T//SD16029.000000"

. * --- Q4 setup: load Card & Krueger data ---
. clear all

. set more off

. 
. * Set the working directory
. cd "/Users/yuanhaining/Desktop/"
/Users/yuanhaining/Desktop

. 
. * Load the dataset
.  use cardnj.dta, clear

.  
. * part c:  Table 2 from Card & Krueger (1994)
. * Verify data structure
. describe

Contains data from cardnj.dta
 Observations:           410                  
    Variables:            46                  5 Nov 2021 04:00
--------------------------------------------------------------------------------------------------
Variable      Storage   Display    Value
    name         type    format    label      Variable label
--------------------------------------------------------------------------------------------------
SHEET           float   %9.0g                 sheet number (unique store id)
CHAIN           byte    %8.0g                 chain 1=bk; 2=kfc; 3=roys; 4=wendys
CO_OWNED        byte    %8.0g                 1 if company owned
STATE           byte    %8.0g                 1 if NJ; 0 if Pa
SOUTHJ          byte    %8.0g                 1 if in southern NJ
CENTRALJ        byte    %8.0g                 1 if in central NJ
NORTHJ          byte    %8.0g                 1 if in northern NJ
PA1             byte    %8.0g                 1 if in PA, northeast suburbs of Phila
PA2             byte    %8.0g                 1 if in PA, Easton etc
SHORE           byte    %8.0g                 1 if on NJ shore
NCALLS          float   %9.0g                 number of call-backs*
EMPFT           float   %9.0g                 # full-time employees
EMPPT           float   %9.0g                 # part-time employees
NMGRS           float   %9.0g                 # managers/ass't managers
WAGE_ST         float   %9.0g                 starting wage ($/hr)
INCTIME         float   %9.0g                 months to usual first raise
FIRSTINC        float   %9.0g                 usual amount of first raise ($/hr)
BONUS           byte    %8.0g                 1 if cash bounty for new workers
PCTAFF          float   %9.0g                 % employees affected by new minimum
MEALS           byte    %8.0g                 free/reduced price code (See below)
OPEN            float   %9.0g                 hour of opening
HRSOPEN         float   %9.0g                 number hrs open per day
PSODA           float   %9.0g                 price of medium soda, including tax
PFRY            float   %9.0g                 price of small fries, including tax
PENTREE         float   %9.0g                 price of entree, including tax
NREGS           float   %9.0g                 number of cash registers in store
NREGS11         float   %9.0g                 number of registers open at 11:00 am
TYPE2           byte    %8.0g                 type 2nd interview 1=phone; 2=personal
STATUS2         byte    %8.0g                 status of second interview: see below
DATE2           float   %td                   date of second interview MMDDYY format
NCALLS2         float   %9.0g                 number of call-backs*
EMPFT2          float   %9.0g                 # full-time employees
EMPPT2          float   %9.0g                 # part-time employees
NMGRS2          float   %9.0g                 # managers/ass't managers
WAGE_ST2        float   %9.0g                 starting wage ($/hr)
INCTIME2        float   %9.0g                 months to usual first raise
FIRSTIN2        float   %9.0g                 usual amount of first raise ($/hr)
SPECIAL2        byte    %8.0g                 1 if special program for new workers
MEALS2          byte    %8.0g                 free/reduced price code (See below)
OPEN2R          float   %9.0g                 hour of opening
HRSOPEN2        float   %9.0g                 number hrs open per day
PSODA2          float   %9.0g                 price of medium soda, including tax
PFRY2           float   %9.0g                 price of small fries, including tax
PENTREE2        float   %9.0g                 price of entree, including tax
NREGS2          float   %9.0g                 number of cash registers in store
NREGS112        float   %9.0g                 number of registers open at 11:00 am
--------------------------------------------------------------------------------------------------
Sorted by: 

. * ️1 Distribution of store types (Burger King, KFC, Roy Rogers, Wendy's)
. tab CHAIN STATE, col

+-------------------+
| Key               |
|-------------------|
|     frequency     |
| column percentage |
+-------------------+

     chain |
     1=bk; |
    2=kfc; |
   3=roys; |   1 if NJ; 0 if Pa
  4=wendys |         0          1 |     Total
-----------+----------------------+----------
         1 |        35        136 |       171 
           |     44.30      41.09 |     41.71 
-----------+----------------------+----------
         2 |        12         68 |        80 
           |     15.19      20.54 |     19.51 
-----------+----------------------+----------
         3 |        17         82 |        99 
           |     21.52      24.77 |     24.15 
-----------+----------------------+----------
         4 |        15         45 |        60 
           |     18.99      13.60 |     14.63 
-----------+----------------------+----------
     Total |        79        331 |       410 
           |    100.00     100.00 |    100.00 

. 
. * 2 Create full-time-equivalent (FTE) employment for Wave 1
. gen FTE1 = EMPFT + 0.5*EMPPT
(6 missing values generated)

. 
. * 3 Calculate summary statistics for Wave 1 (Pre-treatment)
. bysort STATE: summarize FTE1 EMPFT EMPPT NMGRS WAGE_ST PSODA PFRY PENTREE HRSOPEN

--------------------------------------------------------------------------------------------------
-> STATE = 0

    Variable |        Obs        Mean    Std. dev.       Min        Max
-------------+---------------------------------------------------------
        FTE1 |         78    19.94872    11.67994        4.5       67.5
       EMPFT |         78    10.20513    10.77589          0         50
       EMPPT |         78    19.48718    9.577427          2         55
       NMGRS |         78    3.538462    1.101266          1          7
     WAGE_ST |         76    4.630132    .3516873       4.25        5.5
-------------+---------------------------------------------------------
       PSODA |         77    .9746753    .0694827        .73       1.13
        PFRY |         77     .841948      .08751        .69       1.05
     PENTREE |         77    1.215065    .6228893        .52        3.5
     HRSOPEN |         79    14.52532    2.951422          8         24

--------------------------------------------------------------------------------------------------
-> STATE = 1

    Variable |        Obs        Mean    Std. dev.       Min        Max
-------------+---------------------------------------------------------
        FTE1 |        326    17.06518    8.727993          3         80
       EMPFT |        326    7.723926     7.96389          0         60
       EMPPT |        328     18.6753    10.20586          0         60
       NMGRS |        326    3.392025    .9972875          1         10
     WAGE_ST |        314    4.612134    .3463505       4.25       5.75
-------------+---------------------------------------------------------
       PSODA |        325    1.061508    .0845789        .85       1.49
        PFRY |        316    .9414873    .1007779        .67       1.27
     PENTREE |        321    1.347882    .6461413        .49       3.95
     HRSOPEN |        331    14.41843    2.779414          7         24


. 
. * 4 Create FTE for Wave 2
. gen FTE2 = EMPFT2 + 0.5*EMPPT2
(13 missing values generated)

. 
. * 5 Summary statistics for Wave 2 (Post-treatment)
. bysort STATE: summarize FTE2 EMPFT2 EMPPT2 NMGRS2 WAGE_ST2 PSODA2 PFRY2 PENTREE2 HRSOPEN2

--------------------------------------------------------------------------------------------------
-> STATE = 0

    Variable |        Obs        Mean    Std. dev.       Min        Max
-------------+---------------------------------------------------------
        FTE2 |         77    17.54221    7.909272          0      38.25
      EMPFT2 |         77    7.564935    8.492005          0         35
      EMPPT2 |         77    19.95455    10.20422          0         48
      NMGRS2 |         78    3.641026    1.289058          0          8
    WAGE_ST2 |         71    4.617465    .3574781       4.25       6.25
-------------+---------------------------------------------------------
      PSODA2 |         77    .9754545     .084348        .41       1.11
       PFRY2 |         73     .859863    .0952991        .69       1.11
    PENTREE2 |         75    1.185467    .5779607        .63       2.64
    HRSOPEN2 |         78    14.65385    2.887847          9         24

--------------------------------------------------------------------------------------------------
-> STATE = 1

    Variable |        Obs        Mean    Std. dev.       Min        Max
-------------+---------------------------------------------------------
        FTE2 |        320    17.57266    8.778737          0       55.5
      EMPFT2 |        321    8.445483    7.844942          0         40
      EMPPT2 |        323    18.37307    10.80736          0         60
      NMGRS2 |        326    3.446319    1.100085          0          8
    WAGE_ST2 |        318    5.080849    .1045445          5       5.75
-------------+---------------------------------------------------------
      PSODA2 |        311    1.062154    .0876845        .84        1.4
       PFRY2 |        309    .9604531    .1035182        .73       1.37
    PENTREE2 |        311    1.394727    .6602745        .41       2.85
    HRSOPEN2 |        321    14.41978    2.721297          8         24


. 
. * 6 t-tests comparing NJ vs. PA
. ttest FTE1, by(STATE)

Two-sample t test with equal variances
------------------------------------------------------------------------------
   Group |     Obs        Mean    Std. err.   Std. dev.   [95% conf. interval]
---------+--------------------------------------------------------------------
       0 |      78    19.94872    1.322493    11.67994     17.3153    22.58214
       1 |     326    17.06518    .4833988    8.727993     16.1142    18.01617
---------+--------------------------------------------------------------------
Combined |     404    17.62191    .4688249    9.423264    16.70026    18.54355
---------+--------------------------------------------------------------------
    diff |            2.883534    1.180528                .5627538    5.204314
------------------------------------------------------------------------------
    diff = mean(0) - mean(1)                                      t =   2.4426
H0: diff = 0                                     Degrees of freedom =      402

    Ha: diff < 0                 Ha: diff != 0                 Ha: diff > 0
 Pr(T < t) = 0.9925         Pr(|T| > |t|) = 0.0150          Pr(T > t) = 0.0075

. ttest FTE2, by(STATE)

Two-sample t test with equal variances
------------------------------------------------------------------------------
   Group |     Obs        Mean    Std. err.   Std. dev.   [95% conf. interval]
---------+--------------------------------------------------------------------
       0 |      77    17.54221    .9013452    7.909272    15.74702    19.33739
       1 |     320    17.57266    .4907463    8.778737    16.60715    18.53816
---------+--------------------------------------------------------------------
Combined |     397    17.56675    .4319923    8.607385    16.71747    18.41604
---------+--------------------------------------------------------------------
    diff |           -.0304485    1.093943               -2.181127     2.12023
------------------------------------------------------------------------------
    diff = mean(0) - mean(1)                                      t =  -0.0278
H0: diff = 0                                     Degrees of freedom =      395

    Ha: diff < 0                 Ha: diff != 0                 Ha: diff > 0
 Pr(T < t) = 0.4889         Pr(|T| > |t|) = 0.9778          Pr(T > t) = 0.5111

. ttest WAGE_ST, by(STATE)

Two-sample t test with equal variances
------------------------------------------------------------------------------
   Group |     Obs        Mean    Std. err.   Std. dev.   [95% conf. interval]
---------+--------------------------------------------------------------------
       0 |      76    4.630132    .0403413    .3516873    4.549768    4.710496
       1 |     314    4.612134    .0195457    .3463505    4.573676    4.650591
---------+--------------------------------------------------------------------
Combined |     390    4.615641    .0175718    .3470151    4.581093    4.650189
---------+--------------------------------------------------------------------
    diff |            .0179978    .0444095               -.0693156    .1053113
------------------------------------------------------------------------------
    diff = mean(0) - mean(1)                                      t =   0.4053
H0: diff = 0                                     Degrees of freedom =      388

    Ha: diff < 0                 Ha: diff != 0                 Ha: diff > 0
 Pr(T < t) = 0.6572         Pr(|T| > |t|) = 0.6855          Pr(T > t) = 0.3428

. ttest WAGE_ST2, by(STATE)

Two-sample t test with equal variances
------------------------------------------------------------------------------
   Group |     Obs        Mean    Std. err.   Std. dev.   [95% conf. interval]
---------+--------------------------------------------------------------------
       0 |      71    4.617465    .0424249    .3574781    4.532851    4.702078
       1 |     318    5.080849    .0058626    .1045445    5.069315    5.092384
---------+--------------------------------------------------------------------
Combined |     389    4.996273    .0128373    .2531905    4.971033    5.021512
---------+--------------------------------------------------------------------
    diff |           -.4633844    .0235051               -.5095982   -.4171707
------------------------------------------------------------------------------
    diff = mean(0) - mean(1)                                      t = -19.7142
H0: diff = 0                                     Degrees of freedom =      387

    Ha: diff < 0                 Ha: diff != 0                 Ha: diff > 0
 Pr(T < t) = 0.0000         Pr(|T| > |t|) = 0.0000          Pr(T > t) = 1.0000

. ttest PSODA2, by(STATE)

Two-sample t test with equal variances
------------------------------------------------------------------------------
   Group |     Obs        Mean    Std. err.   Std. dev.   [95% conf. interval]
---------+--------------------------------------------------------------------
       0 |      77    .9754545    .0096124     .084348    .9563099    .9945992
       1 |     311    1.062154    .0049721    .0876845    1.052371    1.071938
---------+--------------------------------------------------------------------
Combined |     388    1.044948    .0047501     .093567    1.035609    1.054288
---------+--------------------------------------------------------------------
    diff |           -.0866998    .0110789               -.1084824   -.0649172
------------------------------------------------------------------------------
    diff = mean(0) - mean(1)                                      t =  -7.8256
H0: diff = 0                                     Degrees of freedom =      386

    Ha: diff < 0                 Ha: diff != 0                 Ha: diff > 0
 Pr(T < t) = 0.0000         Pr(|T| > |t|) = 0.0000          Pr(T > t) = 1.0000

. ttest PFRY2, by(STATE)

Two-sample t test with equal variances
------------------------------------------------------------------------------
   Group |     Obs        Mean    Std. err.   Std. dev.   [95% conf. interval]
---------+--------------------------------------------------------------------
       0 |      73     .859863    .0111539    .0952991    .8376281    .8820979
       1 |     309    .9604531    .0058889    .1035182    .9488654    .9720407
---------+--------------------------------------------------------------------
Combined |     382    .9412304    .0055925    .1093037    .9302344    .9522263
---------+--------------------------------------------------------------------
    diff |           -.1005901    .0132752               -.1266921    -.074488
------------------------------------------------------------------------------
    diff = mean(0) - mean(1)                                      t =  -7.5773
H0: diff = 0                                     Degrees of freedom =      380

    Ha: diff < 0                 Ha: diff != 0                 Ha: diff > 0
 Pr(T < t) = 0.0000         Pr(|T| > |t|) = 0.0000          Pr(T > t) = 1.0000

. ttest PENTREE2, by(STATE)

Two-sample t test with equal variances
------------------------------------------------------------------------------
   Group |     Obs        Mean    Std. err.   Std. dev.   [95% conf. interval]
---------+--------------------------------------------------------------------
       0 |      75    1.185467    .0667372    .5779607     1.05249    1.318443
       1 |     311    1.394727    .0374407    .6602745    1.321057    1.468397
---------+--------------------------------------------------------------------
Combined |     386    1.354067     .033069    .6497019    1.289049    1.419086
---------+--------------------------------------------------------------------
    diff |             -.20926    .0830036               -.3724584   -.0460616
------------------------------------------------------------------------------
    diff = mean(0) - mean(1)                                      t =  -2.5211
H0: diff = 0                                     Degrees of freedom =      384

    Ha: diff < 0                 Ha: diff != 0                 Ha: diff > 0
 Pr(T < t) = 0.0061         Pr(|T| > |t|) = 0.0121          Pr(T > t) = 0.9939

. 
. * Display group means (New Jersey vs. Pennsylvania)
. *------------------------------------------------------------*
. table (STATE) () ( ///
>     result mean FTE1 ///
>     result mean FTE2 ///
>     result mean WAGE_ST ///
>     result mean WAGE_ST2 ///
>     result mean PSODA2 ///
>     result mean PFRY2 ///
>     result mean PENTREE2 ///
> )
variable mean not found
r(111);

end of do-file

r(111);

. do "/var/folders/n6/b63hv83n6kv6klpfspjfc53c0000gn/T//SD16029.000000"

. * --- Q4 setup: load Card & Krueger data ---
. clear all

. set more off

. 
. * Set the working directory
. cd "/Users/yuanhaining/Desktop/"
/Users/yuanhaining/Desktop

. 
. * Load the dataset
.  use cardnj.dta, clear

.  
. * part c:  Table 2 from Card & Krueger (1994)
. * Verify data structure
. describe

Contains data from cardnj.dta
 Observations:           410                  
    Variables:            46                  5 Nov 2021 04:00
--------------------------------------------------------------------------------------------------
Variable      Storage   Display    Value
    name         type    format    label      Variable label
--------------------------------------------------------------------------------------------------
SHEET           float   %9.0g                 sheet number (unique store id)
CHAIN           byte    %8.0g                 chain 1=bk; 2=kfc; 3=roys; 4=wendys
CO_OWNED        byte    %8.0g                 1 if company owned
STATE           byte    %8.0g                 1 if NJ; 0 if Pa
SOUTHJ          byte    %8.0g                 1 if in southern NJ
CENTRALJ        byte    %8.0g                 1 if in central NJ
NORTHJ          byte    %8.0g                 1 if in northern NJ
PA1             byte    %8.0g                 1 if in PA, northeast suburbs of Phila
PA2             byte    %8.0g                 1 if in PA, Easton etc
SHORE           byte    %8.0g                 1 if on NJ shore
NCALLS          float   %9.0g                 number of call-backs*
EMPFT           float   %9.0g                 # full-time employees
EMPPT           float   %9.0g                 # part-time employees
NMGRS           float   %9.0g                 # managers/ass't managers
WAGE_ST         float   %9.0g                 starting wage ($/hr)
INCTIME         float   %9.0g                 months to usual first raise
FIRSTINC        float   %9.0g                 usual amount of first raise ($/hr)
BONUS           byte    %8.0g                 1 if cash bounty for new workers
PCTAFF          float   %9.0g                 % employees affected by new minimum
MEALS           byte    %8.0g                 free/reduced price code (See below)
OPEN            float   %9.0g                 hour of opening
HRSOPEN         float   %9.0g                 number hrs open per day
PSODA           float   %9.0g                 price of medium soda, including tax
PFRY            float   %9.0g                 price of small fries, including tax
PENTREE         float   %9.0g                 price of entree, including tax
NREGS           float   %9.0g                 number of cash registers in store
NREGS11         float   %9.0g                 number of registers open at 11:00 am
TYPE2           byte    %8.0g                 type 2nd interview 1=phone; 2=personal
STATUS2         byte    %8.0g                 status of second interview: see below
DATE2           float   %td                   date of second interview MMDDYY format
NCALLS2         float   %9.0g                 number of call-backs*
EMPFT2          float   %9.0g                 # full-time employees
EMPPT2          float   %9.0g                 # part-time employees
NMGRS2          float   %9.0g                 # managers/ass't managers
WAGE_ST2        float   %9.0g                 starting wage ($/hr)
INCTIME2        float   %9.0g                 months to usual first raise
FIRSTIN2        float   %9.0g                 usual amount of first raise ($/hr)
SPECIAL2        byte    %8.0g                 1 if special program for new workers
MEALS2          byte    %8.0g                 free/reduced price code (See below)
OPEN2R          float   %9.0g                 hour of opening
HRSOPEN2        float   %9.0g                 number hrs open per day
PSODA2          float   %9.0g                 price of medium soda, including tax
PFRY2           float   %9.0g                 price of small fries, including tax
PENTREE2        float   %9.0g                 price of entree, including tax
NREGS2          float   %9.0g                 number of cash registers in store
NREGS112        float   %9.0g                 number of registers open at 11:00 am
--------------------------------------------------------------------------------------------------
Sorted by: 

. * ️1 Distribution of store types (Burger King, KFC, Roy Rogers, Wendy's)
. tab CHAIN STATE, col

+-------------------+
| Key               |
|-------------------|
|     frequency     |
| column percentage |
+-------------------+

     chain |
     1=bk; |
    2=kfc; |
   3=roys; |   1 if NJ; 0 if Pa
  4=wendys |         0          1 |     Total
-----------+----------------------+----------
         1 |        35        136 |       171 
           |     44.30      41.09 |     41.71 
-----------+----------------------+----------
         2 |        12         68 |        80 
           |     15.19      20.54 |     19.51 
-----------+----------------------+----------
         3 |        17         82 |        99 
           |     21.52      24.77 |     24.15 
-----------+----------------------+----------
         4 |        15         45 |        60 
           |     18.99      13.60 |     14.63 
-----------+----------------------+----------
     Total |        79        331 |       410 
           |    100.00     100.00 |    100.00 

. 
. * 2 Create full-time-equivalent (FTE) employment for Wave 1
. gen FTE1 = EMPFT + 0.5*EMPPT
(6 missing values generated)

. 
. * 3 Calculate summary statistics for Wave 1 (Pre-treatment)
. bysort STATE: summarize FTE1 EMPFT EMPPT NMGRS WAGE_ST PSODA PFRY PENTREE HRSOPEN

--------------------------------------------------------------------------------------------------
-> STATE = 0

    Variable |        Obs        Mean    Std. dev.       Min        Max
-------------+---------------------------------------------------------
        FTE1 |         78    19.94872    11.67994        4.5       67.5
       EMPFT |         78    10.20513    10.77589          0         50
       EMPPT |         78    19.48718    9.577427          2         55
       NMGRS |         78    3.538462    1.101266          1          7
     WAGE_ST |         76    4.630132    .3516873       4.25        5.5
-------------+---------------------------------------------------------
       PSODA |         77    .9746753    .0694827        .73       1.13
        PFRY |         77     .841948      .08751        .69       1.05
     PENTREE |         77    1.215065    .6228893        .52        3.5
     HRSOPEN |         79    14.52532    2.951422          8         24

--------------------------------------------------------------------------------------------------
-> STATE = 1

    Variable |        Obs        Mean    Std. dev.       Min        Max
-------------+---------------------------------------------------------
        FTE1 |        326    17.06518    8.727993          3         80
       EMPFT |        326    7.723926     7.96389          0         60
       EMPPT |        328     18.6753    10.20586          0         60
       NMGRS |        326    3.392025    .9972875          1         10
     WAGE_ST |        314    4.612134    .3463505       4.25       5.75
-------------+---------------------------------------------------------
       PSODA |        325    1.061508    .0845789        .85       1.49
        PFRY |        316    .9414873    .1007779        .67       1.27
     PENTREE |        321    1.347882    .6461413        .49       3.95
     HRSOPEN |        331    14.41843    2.779414          7         24


. 
. * 4 Create FTE for Wave 2
. gen FTE2 = EMPFT2 + 0.5*EMPPT2
(13 missing values generated)

. 
. * 5 Summary statistics for Wave 2 (Post-treatment)
. bysort STATE: summarize FTE2 EMPFT2 EMPPT2 NMGRS2 WAGE_ST2 PSODA2 PFRY2 PENTREE2 HRSOPEN2

--------------------------------------------------------------------------------------------------
-> STATE = 0

    Variable |        Obs        Mean    Std. dev.       Min        Max
-------------+---------------------------------------------------------
        FTE2 |         77    17.54221    7.909272          0      38.25
      EMPFT2 |         77    7.564935    8.492005          0         35
      EMPPT2 |         77    19.95455    10.20422          0         48
      NMGRS2 |         78    3.641026    1.289058          0          8
    WAGE_ST2 |         71    4.617465    .3574781       4.25       6.25
-------------+---------------------------------------------------------
      PSODA2 |         77    .9754545     .084348        .41       1.11
       PFRY2 |         73     .859863    .0952991        .69       1.11
    PENTREE2 |         75    1.185467    .5779607        .63       2.64
    HRSOPEN2 |         78    14.65385    2.887847          9         24

--------------------------------------------------------------------------------------------------
-> STATE = 1

    Variable |        Obs        Mean    Std. dev.       Min        Max
-------------+---------------------------------------------------------
        FTE2 |        320    17.57266    8.778737          0       55.5
      EMPFT2 |        321    8.445483    7.844942          0         40
      EMPPT2 |        323    18.37307    10.80736          0         60
      NMGRS2 |        326    3.446319    1.100085          0          8
    WAGE_ST2 |        318    5.080849    .1045445          5       5.75
-------------+---------------------------------------------------------
      PSODA2 |        311    1.062154    .0876845        .84        1.4
       PFRY2 |        309    .9604531    .1035182        .73       1.37
    PENTREE2 |        311    1.394727    .6602745        .41       2.85
    HRSOPEN2 |        321    14.41978    2.721297          8         24


. 
. * 6 t-tests comparing NJ vs. PA
. ttest FTE1, by(STATE)

Two-sample t test with equal variances
------------------------------------------------------------------------------
   Group |     Obs        Mean    Std. err.   Std. dev.   [95% conf. interval]
---------+--------------------------------------------------------------------
       0 |      78    19.94872    1.322493    11.67994     17.3153    22.58214
       1 |     326    17.06518    .4833988    8.727993     16.1142    18.01617
---------+--------------------------------------------------------------------
Combined |     404    17.62191    .4688249    9.423264    16.70026    18.54355
---------+--------------------------------------------------------------------
    diff |            2.883534    1.180528                .5627538    5.204314
------------------------------------------------------------------------------
    diff = mean(0) - mean(1)                                      t =   2.4426
H0: diff = 0                                     Degrees of freedom =      402

    Ha: diff < 0                 Ha: diff != 0                 Ha: diff > 0
 Pr(T < t) = 0.9925         Pr(|T| > |t|) = 0.0150          Pr(T > t) = 0.0075

. ttest FTE2, by(STATE)

Two-sample t test with equal variances
------------------------------------------------------------------------------
   Group |     Obs        Mean    Std. err.   Std. dev.   [95% conf. interval]
---------+--------------------------------------------------------------------
       0 |      77    17.54221    .9013452    7.909272    15.74702    19.33739
       1 |     320    17.57266    .4907463    8.778737    16.60715    18.53816
---------+--------------------------------------------------------------------
Combined |     397    17.56675    .4319923    8.607385    16.71747    18.41604
---------+--------------------------------------------------------------------
    diff |           -.0304485    1.093943               -2.181127     2.12023
------------------------------------------------------------------------------
    diff = mean(0) - mean(1)                                      t =  -0.0278
H0: diff = 0                                     Degrees of freedom =      395

    Ha: diff < 0                 Ha: diff != 0                 Ha: diff > 0
 Pr(T < t) = 0.4889         Pr(|T| > |t|) = 0.9778          Pr(T > t) = 0.5111

. ttest WAGE_ST, by(STATE)

Two-sample t test with equal variances
------------------------------------------------------------------------------
   Group |     Obs        Mean    Std. err.   Std. dev.   [95% conf. interval]
---------+--------------------------------------------------------------------
       0 |      76    4.630132    .0403413    .3516873    4.549768    4.710496
       1 |     314    4.612134    .0195457    .3463505    4.573676    4.650591
---------+--------------------------------------------------------------------
Combined |     390    4.615641    .0175718    .3470151    4.581093    4.650189
---------+--------------------------------------------------------------------
    diff |            .0179978    .0444095               -.0693156    .1053113
------------------------------------------------------------------------------
    diff = mean(0) - mean(1)                                      t =   0.4053
H0: diff = 0                                     Degrees of freedom =      388

    Ha: diff < 0                 Ha: diff != 0                 Ha: diff > 0
 Pr(T < t) = 0.6572         Pr(|T| > |t|) = 0.6855          Pr(T > t) = 0.3428

. ttest WAGE_ST2, by(STATE)

Two-sample t test with equal variances
------------------------------------------------------------------------------
   Group |     Obs        Mean    Std. err.   Std. dev.   [95% conf. interval]
---------+--------------------------------------------------------------------
       0 |      71    4.617465    .0424249    .3574781    4.532851    4.702078
       1 |     318    5.080849    .0058626    .1045445    5.069315    5.092384
---------+--------------------------------------------------------------------
Combined |     389    4.996273    .0128373    .2531905    4.971033    5.021512
---------+--------------------------------------------------------------------
    diff |           -.4633844    .0235051               -.5095982   -.4171707
------------------------------------------------------------------------------
    diff = mean(0) - mean(1)                                      t = -19.7142
H0: diff = 0                                     Degrees of freedom =      387

    Ha: diff < 0                 Ha: diff != 0                 Ha: diff > 0
 Pr(T < t) = 0.0000         Pr(|T| > |t|) = 0.0000          Pr(T > t) = 1.0000

. ttest PSODA2, by(STATE)

Two-sample t test with equal variances
------------------------------------------------------------------------------
   Group |     Obs        Mean    Std. err.   Std. dev.   [95% conf. interval]
---------+--------------------------------------------------------------------
       0 |      77    .9754545    .0096124     .084348    .9563099    .9945992
       1 |     311    1.062154    .0049721    .0876845    1.052371    1.071938
---------+--------------------------------------------------------------------
Combined |     388    1.044948    .0047501     .093567    1.035609    1.054288
---------+--------------------------------------------------------------------
    diff |           -.0866998    .0110789               -.1084824   -.0649172
------------------------------------------------------------------------------
    diff = mean(0) - mean(1)                                      t =  -7.8256
H0: diff = 0                                     Degrees of freedom =      386

    Ha: diff < 0                 Ha: diff != 0                 Ha: diff > 0
 Pr(T < t) = 0.0000         Pr(|T| > |t|) = 0.0000          Pr(T > t) = 1.0000

. ttest PFRY2, by(STATE)

Two-sample t test with equal variances
------------------------------------------------------------------------------
   Group |     Obs        Mean    Std. err.   Std. dev.   [95% conf. interval]
---------+--------------------------------------------------------------------
       0 |      73     .859863    .0111539    .0952991    .8376281    .8820979
       1 |     309    .9604531    .0058889    .1035182    .9488654    .9720407
---------+--------------------------------------------------------------------
Combined |     382    .9412304    .0055925    .1093037    .9302344    .9522263
---------+--------------------------------------------------------------------
    diff |           -.1005901    .0132752               -.1266921    -.074488
------------------------------------------------------------------------------
    diff = mean(0) - mean(1)                                      t =  -7.5773
H0: diff = 0                                     Degrees of freedom =      380

    Ha: diff < 0                 Ha: diff != 0                 Ha: diff > 0
 Pr(T < t) = 0.0000         Pr(|T| > |t|) = 0.0000          Pr(T > t) = 1.0000

. ttest PENTREE2, by(STATE)

Two-sample t test with equal variances
------------------------------------------------------------------------------
   Group |     Obs        Mean    Std. err.   Std. dev.   [95% conf. interval]
---------+--------------------------------------------------------------------
       0 |      75    1.185467    .0667372    .5779607     1.05249    1.318443
       1 |     311    1.394727    .0374407    .6602745    1.321057    1.468397
---------+--------------------------------------------------------------------
Combined |     386    1.354067     .033069    .6497019    1.289049    1.419086
---------+--------------------------------------------------------------------
    diff |             -.20926    .0830036               -.3724584   -.0460616
------------------------------------------------------------------------------
    diff = mean(0) - mean(1)                                      t =  -2.5211
H0: diff = 0                                     Degrees of freedom =      384

    Ha: diff < 0                 Ha: diff != 0                 Ha: diff > 0
 Pr(T < t) = 0.0061         Pr(|T| > |t|) = 0.0121          Pr(T > t) = 0.9939

. 
. * Display group means (New Jersey vs. Pennsylvania)
. *------------------------------------------------------------*
. table STATE, ///
>     statistic(mean FTE1, label("FTE (Wave 1)")) ///
>     statistic(mean FTE2, label("FTE (Wave 2)")) ///
>     statistic(mean WAGE_ST, label("Starting Wage (Wave 1)")) ///
>     statistic(mean WAGE_ST2, label("Starting Wage (Wave 2)")) ///
>     statistic(mean PSODA2, label("Price of Soda")) ///
>     statistic(mean PFRY2, label("Price of Fries")) ///
>     statistic(mean PENTREE2, label("Price of Entrée"))
statistic mean does not allow options within statistic()
r(198);

end of do-file

r(198);

. do "/var/folders/n6/b63hv83n6kv6klpfspjfc53c0000gn/T//SD16029.000000"

. * --- Q4 setup: load Card & Krueger data ---
. clear all

. set more off

. 
. * Set the working directory
. cd "/Users/yuanhaining/Desktop/"
/Users/yuanhaining/Desktop

. 
. * Load the dataset
.  use cardnj.dta, clear

.  
. * part c:  Table 2 from Card & Krueger (1994)
. * Verify data structure
. describe

Contains data from cardnj.dta
 Observations:           410                  
    Variables:            46                  5 Nov 2021 04:00
--------------------------------------------------------------------------------------------------
Variable      Storage   Display    Value
    name         type    format    label      Variable label
--------------------------------------------------------------------------------------------------
SHEET           float   %9.0g                 sheet number (unique store id)
CHAIN           byte    %8.0g                 chain 1=bk; 2=kfc; 3=roys; 4=wendys
CO_OWNED        byte    %8.0g                 1 if company owned
STATE           byte    %8.0g                 1 if NJ; 0 if Pa
SOUTHJ          byte    %8.0g                 1 if in southern NJ
CENTRALJ        byte    %8.0g                 1 if in central NJ
NORTHJ          byte    %8.0g                 1 if in northern NJ
PA1             byte    %8.0g                 1 if in PA, northeast suburbs of Phila
PA2             byte    %8.0g                 1 if in PA, Easton etc
SHORE           byte    %8.0g                 1 if on NJ shore
NCALLS          float   %9.0g                 number of call-backs*
EMPFT           float   %9.0g                 # full-time employees
EMPPT           float   %9.0g                 # part-time employees
NMGRS           float   %9.0g                 # managers/ass't managers
WAGE_ST         float   %9.0g                 starting wage ($/hr)
INCTIME         float   %9.0g                 months to usual first raise
FIRSTINC        float   %9.0g                 usual amount of first raise ($/hr)
BONUS           byte    %8.0g                 1 if cash bounty for new workers
PCTAFF          float   %9.0g                 % employees affected by new minimum
MEALS           byte    %8.0g                 free/reduced price code (See below)
OPEN            float   %9.0g                 hour of opening
HRSOPEN         float   %9.0g                 number hrs open per day
PSODA           float   %9.0g                 price of medium soda, including tax
PFRY            float   %9.0g                 price of small fries, including tax
PENTREE         float   %9.0g                 price of entree, including tax
NREGS           float   %9.0g                 number of cash registers in store
NREGS11         float   %9.0g                 number of registers open at 11:00 am
TYPE2           byte    %8.0g                 type 2nd interview 1=phone; 2=personal
STATUS2         byte    %8.0g                 status of second interview: see below
DATE2           float   %td                   date of second interview MMDDYY format
NCALLS2         float   %9.0g                 number of call-backs*
EMPFT2          float   %9.0g                 # full-time employees
EMPPT2          float   %9.0g                 # part-time employees
NMGRS2          float   %9.0g                 # managers/ass't managers
WAGE_ST2        float   %9.0g                 starting wage ($/hr)
INCTIME2        float   %9.0g                 months to usual first raise
FIRSTIN2        float   %9.0g                 usual amount of first raise ($/hr)
SPECIAL2        byte    %8.0g                 1 if special program for new workers
MEALS2          byte    %8.0g                 free/reduced price code (See below)
OPEN2R          float   %9.0g                 hour of opening
HRSOPEN2        float   %9.0g                 number hrs open per day
PSODA2          float   %9.0g                 price of medium soda, including tax
PFRY2           float   %9.0g                 price of small fries, including tax
PENTREE2        float   %9.0g                 price of entree, including tax
NREGS2          float   %9.0g                 number of cash registers in store
NREGS112        float   %9.0g                 number of registers open at 11:00 am
--------------------------------------------------------------------------------------------------
Sorted by: 

. * ️1 Distribution of store types (Burger King, KFC, Roy Rogers, Wendy's)
. tab CHAIN STATE, col

+-------------------+
| Key               |
|-------------------|
|     frequency     |
| column percentage |
+-------------------+

     chain |
     1=bk; |
    2=kfc; |
   3=roys; |   1 if NJ; 0 if Pa
  4=wendys |         0          1 |     Total
-----------+----------------------+----------
         1 |        35        136 |       171 
           |     44.30      41.09 |     41.71 
-----------+----------------------+----------
         2 |        12         68 |        80 
           |     15.19      20.54 |     19.51 
-----------+----------------------+----------
         3 |        17         82 |        99 
           |     21.52      24.77 |     24.15 
-----------+----------------------+----------
         4 |        15         45 |        60 
           |     18.99      13.60 |     14.63 
-----------+----------------------+----------
     Total |        79        331 |       410 
           |    100.00     100.00 |    100.00 

. 
. * 2 Create full-time-equivalent (FTE) employment for Wave 1
. gen FTE1 = EMPFT + 0.5*EMPPT
(6 missing values generated)

. 
. * 3 Calculate summary statistics for Wave 1 (Pre-treatment)
. bysort STATE: summarize FTE1 EMPFT EMPPT NMGRS WAGE_ST PSODA PFRY PENTREE HRSOPEN

--------------------------------------------------------------------------------------------------
-> STATE = 0

    Variable |        Obs        Mean    Std. dev.       Min        Max
-------------+---------------------------------------------------------
        FTE1 |         78    19.94872    11.67994        4.5       67.5
       EMPFT |         78    10.20513    10.77589          0         50
       EMPPT |         78    19.48718    9.577427          2         55
       NMGRS |         78    3.538462    1.101266          1          7
     WAGE_ST |         76    4.630132    .3516873       4.25        5.5
-------------+---------------------------------------------------------
       PSODA |         77    .9746753    .0694827        .73       1.13
        PFRY |         77     .841948      .08751        .69       1.05
     PENTREE |         77    1.215065    .6228893        .52        3.5
     HRSOPEN |         79    14.52532    2.951422          8         24

--------------------------------------------------------------------------------------------------
-> STATE = 1

    Variable |        Obs        Mean    Std. dev.       Min        Max
-------------+---------------------------------------------------------
        FTE1 |        326    17.06518    8.727993          3         80
       EMPFT |        326    7.723926     7.96389          0         60
       EMPPT |        328     18.6753    10.20586          0         60
       NMGRS |        326    3.392025    .9972875          1         10
     WAGE_ST |        314    4.612134    .3463505       4.25       5.75
-------------+---------------------------------------------------------
       PSODA |        325    1.061508    .0845789        .85       1.49
        PFRY |        316    .9414873    .1007779        .67       1.27
     PENTREE |        321    1.347882    .6461413        .49       3.95
     HRSOPEN |        331    14.41843    2.779414          7         24


. 
. * 4 Create FTE for Wave 2
. gen FTE2 = EMPFT2 + 0.5*EMPPT2
(13 missing values generated)

. 
. * 5 Summary statistics for Wave 2 (Post-treatment)
. bysort STATE: summarize FTE2 EMPFT2 EMPPT2 NMGRS2 WAGE_ST2 PSODA2 PFRY2 PENTREE2 HRSOPEN2

--------------------------------------------------------------------------------------------------
-> STATE = 0

    Variable |        Obs        Mean    Std. dev.       Min        Max
-------------+---------------------------------------------------------
        FTE2 |         77    17.54221    7.909272          0      38.25
      EMPFT2 |         77    7.564935    8.492005          0         35
      EMPPT2 |         77    19.95455    10.20422          0         48
      NMGRS2 |         78    3.641026    1.289058          0          8
    WAGE_ST2 |         71    4.617465    .3574781       4.25       6.25
-------------+---------------------------------------------------------
      PSODA2 |         77    .9754545     .084348        .41       1.11
       PFRY2 |         73     .859863    .0952991        .69       1.11
    PENTREE2 |         75    1.185467    .5779607        .63       2.64
    HRSOPEN2 |         78    14.65385    2.887847          9         24

--------------------------------------------------------------------------------------------------
-> STATE = 1

    Variable |        Obs        Mean    Std. dev.       Min        Max
-------------+---------------------------------------------------------
        FTE2 |        320    17.57266    8.778737          0       55.5
      EMPFT2 |        321    8.445483    7.844942          0         40
      EMPPT2 |        323    18.37307    10.80736          0         60
      NMGRS2 |        326    3.446319    1.100085          0          8
    WAGE_ST2 |        318    5.080849    .1045445          5       5.75
-------------+---------------------------------------------------------
      PSODA2 |        311    1.062154    .0876845        .84        1.4
       PFRY2 |        309    .9604531    .1035182        .73       1.37
    PENTREE2 |        311    1.394727    .6602745        .41       2.85
    HRSOPEN2 |        321    14.41978    2.721297          8         24


. 
. * 6 t-tests comparing NJ vs. PA
. ttest FTE1, by(STATE)

Two-sample t test with equal variances
------------------------------------------------------------------------------
   Group |     Obs        Mean    Std. err.   Std. dev.   [95% conf. interval]
---------+--------------------------------------------------------------------
       0 |      78    19.94872    1.322493    11.67994     17.3153    22.58214
       1 |     326    17.06518    .4833988    8.727993     16.1142    18.01617
---------+--------------------------------------------------------------------
Combined |     404    17.62191    .4688249    9.423264    16.70026    18.54355
---------+--------------------------------------------------------------------
    diff |            2.883534    1.180528                .5627538    5.204314
------------------------------------------------------------------------------
    diff = mean(0) - mean(1)                                      t =   2.4426
H0: diff = 0                                     Degrees of freedom =      402

    Ha: diff < 0                 Ha: diff != 0                 Ha: diff > 0
 Pr(T < t) = 0.9925         Pr(|T| > |t|) = 0.0150          Pr(T > t) = 0.0075

. ttest FTE2, by(STATE)

Two-sample t test with equal variances
------------------------------------------------------------------------------
   Group |     Obs        Mean    Std. err.   Std. dev.   [95% conf. interval]
---------+--------------------------------------------------------------------
       0 |      77    17.54221    .9013452    7.909272    15.74702    19.33739
       1 |     320    17.57266    .4907463    8.778737    16.60715    18.53816
---------+--------------------------------------------------------------------
Combined |     397    17.56675    .4319923    8.607385    16.71747    18.41604
---------+--------------------------------------------------------------------
    diff |           -.0304485    1.093943               -2.181127     2.12023
------------------------------------------------------------------------------
    diff = mean(0) - mean(1)                                      t =  -0.0278
H0: diff = 0                                     Degrees of freedom =      395

    Ha: diff < 0                 Ha: diff != 0                 Ha: diff > 0
 Pr(T < t) = 0.4889         Pr(|T| > |t|) = 0.9778          Pr(T > t) = 0.5111

. ttest WAGE_ST, by(STATE)

Two-sample t test with equal variances
------------------------------------------------------------------------------
   Group |     Obs        Mean    Std. err.   Std. dev.   [95% conf. interval]
---------+--------------------------------------------------------------------
       0 |      76    4.630132    .0403413    .3516873    4.549768    4.710496
       1 |     314    4.612134    .0195457    .3463505    4.573676    4.650591
---------+--------------------------------------------------------------------
Combined |     390    4.615641    .0175718    .3470151    4.581093    4.650189
---------+--------------------------------------------------------------------
    diff |            .0179978    .0444095               -.0693156    .1053113
------------------------------------------------------------------------------
    diff = mean(0) - mean(1)                                      t =   0.4053
H0: diff = 0                                     Degrees of freedom =      388

    Ha: diff < 0                 Ha: diff != 0                 Ha: diff > 0
 Pr(T < t) = 0.6572         Pr(|T| > |t|) = 0.6855          Pr(T > t) = 0.3428

. ttest WAGE_ST2, by(STATE)

Two-sample t test with equal variances
------------------------------------------------------------------------------
   Group |     Obs        Mean    Std. err.   Std. dev.   [95% conf. interval]
---------+--------------------------------------------------------------------
       0 |      71    4.617465    .0424249    .3574781    4.532851    4.702078
       1 |     318    5.080849    .0058626    .1045445    5.069315    5.092384
---------+--------------------------------------------------------------------
Combined |     389    4.996273    .0128373    .2531905    4.971033    5.021512
---------+--------------------------------------------------------------------
    diff |           -.4633844    .0235051               -.5095982   -.4171707
------------------------------------------------------------------------------
    diff = mean(0) - mean(1)                                      t = -19.7142
H0: diff = 0                                     Degrees of freedom =      387

    Ha: diff < 0                 Ha: diff != 0                 Ha: diff > 0
 Pr(T < t) = 0.0000         Pr(|T| > |t|) = 0.0000          Pr(T > t) = 1.0000

. ttest PSODA2, by(STATE)

Two-sample t test with equal variances
------------------------------------------------------------------------------
   Group |     Obs        Mean    Std. err.   Std. dev.   [95% conf. interval]
---------+--------------------------------------------------------------------
       0 |      77    .9754545    .0096124     .084348    .9563099    .9945992
       1 |     311    1.062154    .0049721    .0876845    1.052371    1.071938
---------+--------------------------------------------------------------------
Combined |     388    1.044948    .0047501     .093567    1.035609    1.054288
---------+--------------------------------------------------------------------
    diff |           -.0866998    .0110789               -.1084824   -.0649172
------------------------------------------------------------------------------
    diff = mean(0) - mean(1)                                      t =  -7.8256
H0: diff = 0                                     Degrees of freedom =      386

    Ha: diff < 0                 Ha: diff != 0                 Ha: diff > 0
 Pr(T < t) = 0.0000         Pr(|T| > |t|) = 0.0000          Pr(T > t) = 1.0000

. ttest PFRY2, by(STATE)

Two-sample t test with equal variances
------------------------------------------------------------------------------
   Group |     Obs        Mean    Std. err.   Std. dev.   [95% conf. interval]
---------+--------------------------------------------------------------------
       0 |      73     .859863    .0111539    .0952991    .8376281    .8820979
       1 |     309    .9604531    .0058889    .1035182    .9488654    .9720407
---------+--------------------------------------------------------------------
Combined |     382    .9412304    .0055925    .1093037    .9302344    .9522263
---------+--------------------------------------------------------------------
    diff |           -.1005901    .0132752               -.1266921    -.074488
------------------------------------------------------------------------------
    diff = mean(0) - mean(1)                                      t =  -7.5773
H0: diff = 0                                     Degrees of freedom =      380

    Ha: diff < 0                 Ha: diff != 0                 Ha: diff > 0
 Pr(T < t) = 0.0000         Pr(|T| > |t|) = 0.0000          Pr(T > t) = 1.0000

. ttest PENTREE2, by(STATE)

Two-sample t test with equal variances
------------------------------------------------------------------------------
   Group |     Obs        Mean    Std. err.   Std. dev.   [95% conf. interval]
---------+--------------------------------------------------------------------
       0 |      75    1.185467    .0667372    .5779607     1.05249    1.318443
       1 |     311    1.394727    .0374407    .6602745    1.321057    1.468397
---------+--------------------------------------------------------------------
Combined |     386    1.354067     .033069    .6497019    1.289049    1.419086
---------+--------------------------------------------------------------------
    diff |             -.20926    .0830036               -.3724584   -.0460616
------------------------------------------------------------------------------
    diff = mean(0) - mean(1)                                      t =  -2.5211
H0: diff = 0                                     Degrees of freedom =      384

    Ha: diff < 0                 Ha: diff != 0                 Ha: diff > 0
 Pr(T < t) = 0.0061         Pr(|T| > |t|) = 0.0121          Pr(T > t) = 0.9939

. 
. *------------------------------------------------------------*
. * Figure 1: Distribution of Starting Wage Rates (CK 1994)
. *------------------------------------------------------------*
. 
. * bar color black-and-white
. set scheme s2mono

. 
. * Bin settings to match the paper's x-axis: 4.25 to ~5.55 in $0.10 steps
. local start 4.25

. local width 0.10

. 
. *----------------------------*
. * Panel A: February 1992
. *----------------------------*
. twoway ///
>  (histogram WAGE_ST if STATE==1 & !missing(WAGE_ST), ///
>      start(`start') width(`width') percent ///
>      fcolor(black%60) lcolor(black)) ///
>  (histogram WAGE_ST if STATE==0 & !missing(WAGE_ST), ///
>      start(`start') width(`width') percent ///
>      fcolor(none) lcolor(black) lpattern(dash)), ///
>  legend(order(1 "New Jersey" 2 "Pennsylvania") pos(11) ring(0) cols(1)) ///
>  title("February 1992") ///
>  ytitle("Percent of Stores") xtitle("Wage Range") ///
>  graphregion(color(white)) plotregion(margin(zero))

. 
. graph save "fig_wave1.gph", replace
(file fig_wave1.gph not found)
file fig_wave1.gph saved

. graph export "fig_wave1.png", replace
file /Users/yuanhaining/Desktop/fig_wave1.png saved as PNG format

. 
. *----------------------------*
. * Panel B: November 1992
. *----------------------------*
. twoway ///
>  (histogram WAGE_ST2 if STATE==1 & !missing(WAGE_ST2), ///
>      start(`start') width(`width') percent ///
>      fcolor(black%60) lcolor(black)) ///
>  (histogram WAGE_ST2 if STATE==0 & !missing(WAGE_ST2), ///
>      start(`start') width(`width') percent ///
>      fcolor(none) lcolor(black) lpattern(dash)), ///
>  legend(order(1 "New Jersey" 2 "Pennsylvania") pos(11) ring(0) cols(1)) ///
>  title("November 1992") ///
>  ytitle("Percent of Stores") xtitle("Wage Range") ///
>  graphregion(color(white)) plotregion(margin(zero))

. 
. graph save "fig_wave2.gph", replace
(file fig_wave2.gph not found)
file fig_wave2.gph saved

. graph export "fig_wave2.png", replace
file /Users/yuanhaining/Desktop/fig_wave2.png saved as PNG format

. 
. *----------------------------*
. * Combine vertically (like the paper)
. *----------------------------*
. graph combine "fig_wave1.gph" "fig_wave2.gph", ///
>     col(1) imargin(zero) ///
>     title(
parentheses do not balance
r(198);

end of do-file

r(198);

. do "/var/folders/n6/b63hv83n6kv6klpfspjfc53c0000gn/T//SD16029.000000"

. * --- Q4 setup: load Card & Krueger data ---
. clear all

. set more off

. 
. * Set the working directory
. cd "/Users/yuanhaining/Desktop/"
/Users/yuanhaining/Desktop

. 
. * Load the dataset
.  use cardnj.dta, clear

.  
. * part c:  Table 2 from Card & Krueger (1994)
. * Verify data structure
. describe

Contains data from cardnj.dta
 Observations:           410                  
    Variables:            46                  5 Nov 2021 04:00
--------------------------------------------------------------------------------------------------
Variable      Storage   Display    Value
    name         type    format    label      Variable label
--------------------------------------------------------------------------------------------------
SHEET           float   %9.0g                 sheet number (unique store id)
CHAIN           byte    %8.0g                 chain 1=bk; 2=kfc; 3=roys; 4=wendys
CO_OWNED        byte    %8.0g                 1 if company owned
STATE           byte    %8.0g                 1 if NJ; 0 if Pa
SOUTHJ          byte    %8.0g                 1 if in southern NJ
CENTRALJ        byte    %8.0g                 1 if in central NJ
NORTHJ          byte    %8.0g                 1 if in northern NJ
PA1             byte    %8.0g                 1 if in PA, northeast suburbs of Phila
PA2             byte    %8.0g                 1 if in PA, Easton etc
SHORE           byte    %8.0g                 1 if on NJ shore
NCALLS          float   %9.0g                 number of call-backs*
EMPFT           float   %9.0g                 # full-time employees
EMPPT           float   %9.0g                 # part-time employees
NMGRS           float   %9.0g                 # managers/ass't managers
WAGE_ST         float   %9.0g                 starting wage ($/hr)
INCTIME         float   %9.0g                 months to usual first raise
FIRSTINC        float   %9.0g                 usual amount of first raise ($/hr)
BONUS           byte    %8.0g                 1 if cash bounty for new workers
PCTAFF          float   %9.0g                 % employees affected by new minimum
MEALS           byte    %8.0g                 free/reduced price code (See below)
OPEN            float   %9.0g                 hour of opening
HRSOPEN         float   %9.0g                 number hrs open per day
PSODA           float   %9.0g                 price of medium soda, including tax
PFRY            float   %9.0g                 price of small fries, including tax
PENTREE         float   %9.0g                 price of entree, including tax
NREGS           float   %9.0g                 number of cash registers in store
NREGS11         float   %9.0g                 number of registers open at 11:00 am
TYPE2           byte    %8.0g                 type 2nd interview 1=phone; 2=personal
STATUS2         byte    %8.0g                 status of second interview: see below
DATE2           float   %td                   date of second interview MMDDYY format
NCALLS2         float   %9.0g                 number of call-backs*
EMPFT2          float   %9.0g                 # full-time employees
EMPPT2          float   %9.0g                 # part-time employees
NMGRS2          float   %9.0g                 # managers/ass't managers
WAGE_ST2        float   %9.0g                 starting wage ($/hr)
INCTIME2        float   %9.0g                 months to usual first raise
FIRSTIN2        float   %9.0g                 usual amount of first raise ($/hr)
SPECIAL2        byte    %8.0g                 1 if special program for new workers
MEALS2          byte    %8.0g                 free/reduced price code (See below)
OPEN2R          float   %9.0g                 hour of opening
HRSOPEN2        float   %9.0g                 number hrs open per day
PSODA2          float   %9.0g                 price of medium soda, including tax
PFRY2           float   %9.0g                 price of small fries, including tax
PENTREE2        float   %9.0g                 price of entree, including tax
NREGS2          float   %9.0g                 number of cash registers in store
NREGS112        float   %9.0g                 number of registers open at 11:00 am
--------------------------------------------------------------------------------------------------
Sorted by: 

. * ️1 Distribution of store types (Burger King, KFC, Roy Rogers, Wendy's)
. tab CHAIN STATE, col

+-------------------+
| Key               |
|-------------------|
|     frequency     |
| column percentage |
+-------------------+

     chain |
     1=bk; |
    2=kfc; |
   3=roys; |   1 if NJ; 0 if Pa
  4=wendys |         0          1 |     Total
-----------+----------------------+----------
         1 |        35        136 |       171 
           |     44.30      41.09 |     41.71 
-----------+----------------------+----------
         2 |        12         68 |        80 
           |     15.19      20.54 |     19.51 
-----------+----------------------+----------
         3 |        17         82 |        99 
           |     21.52      24.77 |     24.15 
-----------+----------------------+----------
         4 |        15         45 |        60 
           |     18.99      13.60 |     14.63 
-----------+----------------------+----------
     Total |        79        331 |       410 
           |    100.00     100.00 |    100.00 

. 
. * 2 Create full-time-equivalent (FTE) employment for Wave 1
. gen FTE1 = EMPFT + 0.5*EMPPT
(6 missing values generated)

. 
. * 3 Calculate summary statistics for Wave 1 (Pre-treatment)
. bysort STATE: summarize FTE1 EMPFT EMPPT NMGRS WAGE_ST PSODA PFRY PENTREE HRSOPEN

--------------------------------------------------------------------------------------------------
-> STATE = 0

    Variable |        Obs        Mean    Std. dev.       Min        Max
-------------+---------------------------------------------------------
        FTE1 |         78    19.94872    11.67994        4.5       67.5
       EMPFT |         78    10.20513    10.77589          0         50
       EMPPT |         78    19.48718    9.577427          2         55
       NMGRS |         78    3.538462    1.101266          1          7
     WAGE_ST |         76    4.630132    .3516873       4.25        5.5
-------------+---------------------------------------------------------
       PSODA |         77    .9746753    .0694827        .73       1.13
        PFRY |         77     .841948      .08751        .69       1.05
     PENTREE |         77    1.215065    .6228893        .52        3.5
     HRSOPEN |         79    14.52532    2.951422          8         24

--------------------------------------------------------------------------------------------------
-> STATE = 1

    Variable |        Obs        Mean    Std. dev.       Min        Max
-------------+---------------------------------------------------------
        FTE1 |        326    17.06518    8.727993          3         80
       EMPFT |        326    7.723926     7.96389          0         60
       EMPPT |        328     18.6753    10.20586          0         60
       NMGRS |        326    3.392025    .9972875          1         10
     WAGE_ST |        314    4.612134    .3463505       4.25       5.75
-------------+---------------------------------------------------------
       PSODA |        325    1.061508    .0845789        .85       1.49
        PFRY |        316    .9414873    .1007779        .67       1.27
     PENTREE |        321    1.347882    .6461413        .49       3.95
     HRSOPEN |        331    14.41843    2.779414          7         24


. 
. * 4 Create FTE for Wave 2
. gen FTE2 = EMPFT2 + 0.5*EMPPT2
(13 missing values generated)

. 
. * 5 Summary statistics for Wave 2 (Post-treatment)
. bysort STATE: summarize FTE2 EMPFT2 EMPPT2 NMGRS2 WAGE_ST2 PSODA2 PFRY2 PENTREE2 HRSOPEN2

--------------------------------------------------------------------------------------------------
-> STATE = 0

    Variable |        Obs        Mean    Std. dev.       Min        Max
-------------+---------------------------------------------------------
        FTE2 |         77    17.54221    7.909272          0      38.25
      EMPFT2 |         77    7.564935    8.492005          0         35
      EMPPT2 |         77    19.95455    10.20422          0         48
      NMGRS2 |         78    3.641026    1.289058          0          8
    WAGE_ST2 |         71    4.617465    .3574781       4.25       6.25
-------------+---------------------------------------------------------
      PSODA2 |         77    .9754545     .084348        .41       1.11
       PFRY2 |         73     .859863    .0952991        .69       1.11
    PENTREE2 |         75    1.185467    .5779607        .63       2.64
    HRSOPEN2 |         78    14.65385    2.887847          9         24

--------------------------------------------------------------------------------------------------
-> STATE = 1

    Variable |        Obs        Mean    Std. dev.       Min        Max
-------------+---------------------------------------------------------
        FTE2 |        320    17.57266    8.778737          0       55.5
      EMPFT2 |        321    8.445483    7.844942          0         40
      EMPPT2 |        323    18.37307    10.80736          0         60
      NMGRS2 |        326    3.446319    1.100085          0          8
    WAGE_ST2 |        318    5.080849    .1045445          5       5.75
-------------+---------------------------------------------------------
      PSODA2 |        311    1.062154    .0876845        .84        1.4
       PFRY2 |        309    .9604531    .1035182        .73       1.37
    PENTREE2 |        311    1.394727    .6602745        .41       2.85
    HRSOPEN2 |        321    14.41978    2.721297          8         24


. 
. * 6 t-tests comparing NJ vs. PA
. ttest FTE1, by(STATE)

Two-sample t test with equal variances
------------------------------------------------------------------------------
   Group |     Obs        Mean    Std. err.   Std. dev.   [95% conf. interval]
---------+--------------------------------------------------------------------
       0 |      78    19.94872    1.322493    11.67994     17.3153    22.58214
       1 |     326    17.06518    .4833988    8.727993     16.1142    18.01617
---------+--------------------------------------------------------------------
Combined |     404    17.62191    .4688249    9.423264    16.70026    18.54355
---------+--------------------------------------------------------------------
    diff |            2.883534    1.180528                .5627538    5.204314
------------------------------------------------------------------------------
    diff = mean(0) - mean(1)                                      t =   2.4426
H0: diff = 0                                     Degrees of freedom =      402

    Ha: diff < 0                 Ha: diff != 0                 Ha: diff > 0
 Pr(T < t) = 0.9925         Pr(|T| > |t|) = 0.0150          Pr(T > t) = 0.0075

. ttest FTE2, by(STATE)

Two-sample t test with equal variances
------------------------------------------------------------------------------
   Group |     Obs        Mean    Std. err.   Std. dev.   [95% conf. interval]
---------+--------------------------------------------------------------------
       0 |      77    17.54221    .9013452    7.909272    15.74702    19.33739
       1 |     320    17.57266    .4907463    8.778737    16.60715    18.53816
---------+--------------------------------------------------------------------
Combined |     397    17.56675    .4319923    8.607385    16.71747    18.41604
---------+--------------------------------------------------------------------
    diff |           -.0304485    1.093943               -2.181127     2.12023
------------------------------------------------------------------------------
    diff = mean(0) - mean(1)                                      t =  -0.0278
H0: diff = 0                                     Degrees of freedom =      395

    Ha: diff < 0                 Ha: diff != 0                 Ha: diff > 0
 Pr(T < t) = 0.4889         Pr(|T| > |t|) = 0.9778          Pr(T > t) = 0.5111

. ttest WAGE_ST, by(STATE)

Two-sample t test with equal variances
------------------------------------------------------------------------------
   Group |     Obs        Mean    Std. err.   Std. dev.   [95% conf. interval]
---------+--------------------------------------------------------------------
       0 |      76    4.630132    .0403413    .3516873    4.549768    4.710496
       1 |     314    4.612134    .0195457    .3463505    4.573676    4.650591
---------+--------------------------------------------------------------------
Combined |     390    4.615641    .0175718    .3470151    4.581093    4.650189
---------+--------------------------------------------------------------------
    diff |            .0179978    .0444095               -.0693156    .1053113
------------------------------------------------------------------------------
    diff = mean(0) - mean(1)                                      t =   0.4053
H0: diff = 0                                     Degrees of freedom =      388

    Ha: diff < 0                 Ha: diff != 0                 Ha: diff > 0
 Pr(T < t) = 0.6572         Pr(|T| > |t|) = 0.6855          Pr(T > t) = 0.3428

. ttest WAGE_ST2, by(STATE)

Two-sample t test with equal variances
------------------------------------------------------------------------------
   Group |     Obs        Mean    Std. err.   Std. dev.   [95% conf. interval]
---------+--------------------------------------------------------------------
       0 |      71    4.617465    .0424249    .3574781    4.532851    4.702078
       1 |     318    5.080849    .0058626    .1045445    5.069315    5.092384
---------+--------------------------------------------------------------------
Combined |     389    4.996273    .0128373    .2531905    4.971033    5.021512
---------+--------------------------------------------------------------------
    diff |           -.4633844    .0235051               -.5095982   -.4171707
------------------------------------------------------------------------------
    diff = mean(0) - mean(1)                                      t = -19.7142
H0: diff = 0                                     Degrees of freedom =      387

    Ha: diff < 0                 Ha: diff != 0                 Ha: diff > 0
 Pr(T < t) = 0.0000         Pr(|T| > |t|) = 0.0000          Pr(T > t) = 1.0000

. ttest PSODA2, by(STATE)

Two-sample t test with equal variances
------------------------------------------------------------------------------
   Group |     Obs        Mean    Std. err.   Std. dev.   [95% conf. interval]
---------+--------------------------------------------------------------------
       0 |      77    .9754545    .0096124     .084348    .9563099    .9945992
       1 |     311    1.062154    .0049721    .0876845    1.052371    1.071938
---------+--------------------------------------------------------------------
Combined |     388    1.044948    .0047501     .093567    1.035609    1.054288
---------+--------------------------------------------------------------------
    diff |           -.0866998    .0110789               -.1084824   -.0649172
------------------------------------------------------------------------------
    diff = mean(0) - mean(1)                                      t =  -7.8256
H0: diff = 0                                     Degrees of freedom =      386

    Ha: diff < 0                 Ha: diff != 0                 Ha: diff > 0
 Pr(T < t) = 0.0000         Pr(|T| > |t|) = 0.0000          Pr(T > t) = 1.0000

. ttest PFRY2, by(STATE)

Two-sample t test with equal variances
------------------------------------------------------------------------------
   Group |     Obs        Mean    Std. err.   Std. dev.   [95% conf. interval]
---------+--------------------------------------------------------------------
       0 |      73     .859863    .0111539    .0952991    .8376281    .8820979
       1 |     309    .9604531    .0058889    .1035182    .9488654    .9720407
---------+--------------------------------------------------------------------
Combined |     382    .9412304    .0055925    .1093037    .9302344    .9522263
---------+--------------------------------------------------------------------
    diff |           -.1005901    .0132752               -.1266921    -.074488
------------------------------------------------------------------------------
    diff = mean(0) - mean(1)                                      t =  -7.5773
H0: diff = 0                                     Degrees of freedom =      380

    Ha: diff < 0                 Ha: diff != 0                 Ha: diff > 0
 Pr(T < t) = 0.0000         Pr(|T| > |t|) = 0.0000          Pr(T > t) = 1.0000

. ttest PENTREE2, by(STATE)

Two-sample t test with equal variances
------------------------------------------------------------------------------
   Group |     Obs        Mean    Std. err.   Std. dev.   [95% conf. interval]
---------+--------------------------------------------------------------------
       0 |      75    1.185467    .0667372    .5779607     1.05249    1.318443
       1 |     311    1.394727    .0374407    .6602745    1.321057    1.468397
---------+--------------------------------------------------------------------
Combined |     386    1.354067     .033069    .6497019    1.289049    1.419086
---------+--------------------------------------------------------------------
    diff |             -.20926    .0830036               -.3724584   -.0460616
------------------------------------------------------------------------------
    diff = mean(0) - mean(1)                                      t =  -2.5211
H0: diff = 0                                     Degrees of freedom =      384

    Ha: diff < 0                 Ha: diff != 0                 Ha: diff > 0
 Pr(T < t) = 0.0061         Pr(|T| > |t|) = 0.0121          Pr(T > t) = 0.9939

. 
. *------------------------------------------------------------*
. * d)Figure 1: Distribution of Starting Wage Rates (CK 1994)
. *------------------------------------------------------------*
. 
. * bar color black-and-white
. set scheme s2mono

. 
. * Bin settings to match the paper's x-axis: 4.25 to ~5.55 in $0.10 steps
. local start 4.25

. local width 0.10

. 
. *----------------------------*
. * Panel A: February 1992
. *----------------------------*
. twoway ///
>  (histogram WAGE_ST if STATE==1 & !missing(WAGE_ST), ///
>      start(`start') width(`width') percent ///
>      fcolor(black%60) lcolor(black)) ///
>  (histogram WAGE_ST if STATE==0 & !missing(WAGE_ST), ///
>      start(`start') width(`width') percent ///
>      fcolor(none) lcolor(black) lpattern(dash)), ///
>  legend(order(1 "New Jersey" 2 "Pennsylvania") pos(11) ring(0) cols(1)) ///
>  title("February 1992") ///
>  ytitle("Percent of Stores") xtitle("Wage Range") ///
>  graphregion(color(white)) plotregion(margin(zero))

. 
. graph save "fig_wave1.gph", replace
file fig_wave1.gph saved

. graph export "fig_wave1.png", replace
file /Users/yuanhaining/Desktop/fig_wave1.png saved as PNG format

. 
. *----------------------------*
. * Panel B: November 1992
. *----------------------------*
. twoway ///
>  (histogram WAGE_ST2 if STATE==1 & !missing(WAGE_ST2), ///
>      start(`start') width(`width') percent ///
>      fcolor(black%60) lcolor(black)) ///
>  (histogram WAGE_ST2 if STATE==0 & !missing(WAGE_ST2), ///
>      start(`start') width(`width') percent ///
>      fcolor(none) lcolor(black) lpattern(dash)), ///
>  legend(order(1 "New Jersey" 2 "Pennsylvania") pos(11) ring(0) cols(1)) ///
>  title("November 1992") ///
>  ytitle("Percent of Stores") xtitle("Wage Range") ///
>  graphregion(color(white)) plotregion(margin(zero))

. 
. graph save "fig_wave2.gph", replace
file fig_wave2.gph saved

. graph export "fig_wave2.png", replace
file /Users/yuanhaining/Desktop/fig_wave2.png saved as PNG format

. 
. *----------------------------*
. * Combine vertically (like the paper)
. *----------------------------*
. graph combine "fig_wave1.gph" "fig_wave2.gph", ///
>     col(1) imargin(zero) ///
>     title(
parentheses do not balance
r(198);

end of do-file

r(198);

. do "/var/folders/n6/b63hv83n6kv6klpfspjfc53c0000gn/T//SD16029.000000"

. *----------------------------*
. * e) table 3 and table 4 
. *----------------------------*
. 
. * FTE (full-time equivalent): FT + 0.5*PT
. gen FTE1 = EMPFT  + 0.5*EMPPT
variable FTE1 already defined
r(110);

end of do-file

r(110);

. do "/var/folders/n6/b63hv83n6kv6klpfspjfc53c0000gn/T//SD16029.000000"

. * --- Q4 setup: load Card & Krueger data ---
. clear all

. set more off

. 
. * Set the working directory
. cd "/Users/yuanhaining/Desktop/"
/Users/yuanhaining/Desktop

. 
. * Load the dataset
.  use cardnj.dta, clear

.  
. * part c:  Table 2 from Card & Krueger (1994)
. * Verify data structure
. describe

Contains data from cardnj.dta
 Observations:           410                  
    Variables:            46                  5 Nov 2021 04:00
--------------------------------------------------------------------------------------------------
Variable      Storage   Display    Value
    name         type    format    label      Variable label
--------------------------------------------------------------------------------------------------
SHEET           float   %9.0g                 sheet number (unique store id)
CHAIN           byte    %8.0g                 chain 1=bk; 2=kfc; 3=roys; 4=wendys
CO_OWNED        byte    %8.0g                 1 if company owned
STATE           byte    %8.0g                 1 if NJ; 0 if Pa
SOUTHJ          byte    %8.0g                 1 if in southern NJ
CENTRALJ        byte    %8.0g                 1 if in central NJ
NORTHJ          byte    %8.0g                 1 if in northern NJ
PA1             byte    %8.0g                 1 if in PA, northeast suburbs of Phila
PA2             byte    %8.0g                 1 if in PA, Easton etc
SHORE           byte    %8.0g                 1 if on NJ shore
NCALLS          float   %9.0g                 number of call-backs*
EMPFT           float   %9.0g                 # full-time employees
EMPPT           float   %9.0g                 # part-time employees
NMGRS           float   %9.0g                 # managers/ass't managers
WAGE_ST         float   %9.0g                 starting wage ($/hr)
INCTIME         float   %9.0g                 months to usual first raise
FIRSTINC        float   %9.0g                 usual amount of first raise ($/hr)
BONUS           byte    %8.0g                 1 if cash bounty for new workers
PCTAFF          float   %9.0g                 % employees affected by new minimum
MEALS           byte    %8.0g                 free/reduced price code (See below)
OPEN            float   %9.0g                 hour of opening
HRSOPEN         float   %9.0g                 number hrs open per day
PSODA           float   %9.0g                 price of medium soda, including tax
PFRY            float   %9.0g                 price of small fries, including tax
PENTREE         float   %9.0g                 price of entree, including tax
NREGS           float   %9.0g                 number of cash registers in store
NREGS11         float   %9.0g                 number of registers open at 11:00 am
TYPE2           byte    %8.0g                 type 2nd interview 1=phone; 2=personal
STATUS2         byte    %8.0g                 status of second interview: see below
DATE2           float   %td                   date of second interview MMDDYY format
NCALLS2         float   %9.0g                 number of call-backs*
EMPFT2          float   %9.0g                 # full-time employees
EMPPT2          float   %9.0g                 # part-time employees
NMGRS2          float   %9.0g                 # managers/ass't managers
WAGE_ST2        float   %9.0g                 starting wage ($/hr)
INCTIME2        float   %9.0g                 months to usual first raise
FIRSTIN2        float   %9.0g                 usual amount of first raise ($/hr)
SPECIAL2        byte    %8.0g                 1 if special program for new workers
MEALS2          byte    %8.0g                 free/reduced price code (See below)
OPEN2R          float   %9.0g                 hour of opening
HRSOPEN2        float   %9.0g                 number hrs open per day
PSODA2          float   %9.0g                 price of medium soda, including tax
PFRY2           float   %9.0g                 price of small fries, including tax
PENTREE2        float   %9.0g                 price of entree, including tax
NREGS2          float   %9.0g                 number of cash registers in store
NREGS112        float   %9.0g                 number of registers open at 11:00 am
--------------------------------------------------------------------------------------------------
Sorted by: 

. * ️1 Distribution of store types (Burger King, KFC, Roy Rogers, Wendy's)
. tab CHAIN STATE, col

+-------------------+
| Key               |
|-------------------|
|     frequency     |
| column percentage |
+-------------------+

     chain |
     1=bk; |
    2=kfc; |
   3=roys; |   1 if NJ; 0 if Pa
  4=wendys |         0          1 |     Total
-----------+----------------------+----------
         1 |        35        136 |       171 
           |     44.30      41.09 |     41.71 
-----------+----------------------+----------
         2 |        12         68 |        80 
           |     15.19      20.54 |     19.51 
-----------+----------------------+----------
         3 |        17         82 |        99 
           |     21.52      24.77 |     24.15 
-----------+----------------------+----------
         4 |        15         45 |        60 
           |     18.99      13.60 |     14.63 
-----------+----------------------+----------
     Total |        79        331 |       410 
           |    100.00     100.00 |    100.00 

. 
. * 2 Create full-time-equivalent (FTE) employment for Wave 1
. gen FTE1 = EMPFT + 0.5*EMPPT
(6 missing values generated)

. 
. * 3 Calculate summary statistics for Wave 1 (Pre-treatment)
. bysort STATE: summarize FTE1 EMPFT EMPPT NMGRS WAGE_ST PSODA PFRY PENTREE HRSOPEN

--------------------------------------------------------------------------------------------------
-> STATE = 0

    Variable |        Obs        Mean    Std. dev.       Min        Max
-------------+---------------------------------------------------------
        FTE1 |         78    19.94872    11.67994        4.5       67.5
       EMPFT |         78    10.20513    10.77589          0         50
       EMPPT |         78    19.48718    9.577427          2         55
       NMGRS |         78    3.538462    1.101266          1          7
     WAGE_ST |         76    4.630132    .3516873       4.25        5.5
-------------+---------------------------------------------------------
       PSODA |         77    .9746753    .0694827        .73       1.13
        PFRY |         77     .841948      .08751        .69       1.05
     PENTREE |         77    1.215065    .6228893        .52        3.5
     HRSOPEN |         79    14.52532    2.951422          8         24

--------------------------------------------------------------------------------------------------
-> STATE = 1

    Variable |        Obs        Mean    Std. dev.       Min        Max
-------------+---------------------------------------------------------
        FTE1 |        326    17.06518    8.727993          3         80
       EMPFT |        326    7.723926     7.96389          0         60
       EMPPT |        328     18.6753    10.20586          0         60
       NMGRS |        326    3.392025    .9972875          1         10
     WAGE_ST |        314    4.612134    .3463505       4.25       5.75
-------------+---------------------------------------------------------
       PSODA |        325    1.061508    .0845789        .85       1.49
        PFRY |        316    .9414873    .1007779        .67       1.27
     PENTREE |        321    1.347882    .6461413        .49       3.95
     HRSOPEN |        331    14.41843    2.779414          7         24


. 
. * 4 Create FTE for Wave 2
. gen FTE2 = EMPFT2 + 0.5*EMPPT2
(13 missing values generated)

. 
. * 5 Summary statistics for Wave 2 (Post-treatment)
. bysort STATE: summarize FTE2 EMPFT2 EMPPT2 NMGRS2 WAGE_ST2 PSODA2 PFRY2 PENTREE2 HRSOPEN2

--------------------------------------------------------------------------------------------------
-> STATE = 0

    Variable |        Obs        Mean    Std. dev.       Min        Max
-------------+---------------------------------------------------------
        FTE2 |         77    17.54221    7.909272          0      38.25
      EMPFT2 |         77    7.564935    8.492005          0         35
      EMPPT2 |         77    19.95455    10.20422          0         48
      NMGRS2 |         78    3.641026    1.289058          0          8
    WAGE_ST2 |         71    4.617465    .3574781       4.25       6.25
-------------+---------------------------------------------------------
      PSODA2 |         77    .9754545     .084348        .41       1.11
       PFRY2 |         73     .859863    .0952991        .69       1.11
    PENTREE2 |         75    1.185467    .5779607        .63       2.64
    HRSOPEN2 |         78    14.65385    2.887847          9         24

--------------------------------------------------------------------------------------------------
-> STATE = 1

    Variable |        Obs        Mean    Std. dev.       Min        Max
-------------+---------------------------------------------------------
        FTE2 |        320    17.57266    8.778737          0       55.5
      EMPFT2 |        321    8.445483    7.844942          0         40
      EMPPT2 |        323    18.37307    10.80736          0         60
      NMGRS2 |        326    3.446319    1.100085          0          8
    WAGE_ST2 |        318    5.080849    .1045445          5       5.75
-------------+---------------------------------------------------------
      PSODA2 |        311    1.062154    .0876845        .84        1.4
       PFRY2 |        309    .9604531    .1035182        .73       1.37
    PENTREE2 |        311    1.394727    .6602745        .41       2.85
    HRSOPEN2 |        321    14.41978    2.721297          8         24


. 
. * 6 t-tests comparing NJ vs. PA
. ttest FTE1, by(STATE)

Two-sample t test with equal variances
------------------------------------------------------------------------------
   Group |     Obs        Mean    Std. err.   Std. dev.   [95% conf. interval]
---------+--------------------------------------------------------------------
       0 |      78    19.94872    1.322493    11.67994     17.3153    22.58214
       1 |     326    17.06518    .4833988    8.727993     16.1142    18.01617
---------+--------------------------------------------------------------------
Combined |     404    17.62191    .4688249    9.423264    16.70026    18.54355
---------+--------------------------------------------------------------------
    diff |            2.883534    1.180528                .5627538    5.204314
------------------------------------------------------------------------------
    diff = mean(0) - mean(1)                                      t =   2.4426
H0: diff = 0                                     Degrees of freedom =      402

    Ha: diff < 0                 Ha: diff != 0                 Ha: diff > 0
 Pr(T < t) = 0.9925         Pr(|T| > |t|) = 0.0150          Pr(T > t) = 0.0075

. ttest FTE2, by(STATE)

Two-sample t test with equal variances
------------------------------------------------------------------------------
   Group |     Obs        Mean    Std. err.   Std. dev.   [95% conf. interval]
---------+--------------------------------------------------------------------
       0 |      77    17.54221    .9013452    7.909272    15.74702    19.33739
       1 |     320    17.57266    .4907463    8.778737    16.60715    18.53816
---------+--------------------------------------------------------------------
Combined |     397    17.56675    .4319923    8.607385    16.71747    18.41604
---------+--------------------------------------------------------------------
    diff |           -.0304485    1.093943               -2.181127     2.12023
------------------------------------------------------------------------------
    diff = mean(0) - mean(1)                                      t =  -0.0278
H0: diff = 0                                     Degrees of freedom =      395

    Ha: diff < 0                 Ha: diff != 0                 Ha: diff > 0
 Pr(T < t) = 0.4889         Pr(|T| > |t|) = 0.9778          Pr(T > t) = 0.5111

. ttest WAGE_ST, by(STATE)

Two-sample t test with equal variances
------------------------------------------------------------------------------
   Group |     Obs        Mean    Std. err.   Std. dev.   [95% conf. interval]
---------+--------------------------------------------------------------------
       0 |      76    4.630132    .0403413    .3516873    4.549768    4.710496
       1 |     314    4.612134    .0195457    .3463505    4.573676    4.650591
---------+--------------------------------------------------------------------
Combined |     390    4.615641    .0175718    .3470151    4.581093    4.650189
---------+--------------------------------------------------------------------
    diff |            .0179978    .0444095               -.0693156    .1053113
------------------------------------------------------------------------------
    diff = mean(0) - mean(1)                                      t =   0.4053
H0: diff = 0                                     Degrees of freedom =      388

    Ha: diff < 0                 Ha: diff != 0                 Ha: diff > 0
 Pr(T < t) = 0.6572         Pr(|T| > |t|) = 0.6855          Pr(T > t) = 0.3428

. ttest WAGE_ST2, by(STATE)

Two-sample t test with equal variances
------------------------------------------------------------------------------
   Group |     Obs        Mean    Std. err.   Std. dev.   [95% conf. interval]
---------+--------------------------------------------------------------------
       0 |      71    4.617465    .0424249    .3574781    4.532851    4.702078
       1 |     318    5.080849    .0058626    .1045445    5.069315    5.092384
---------+--------------------------------------------------------------------
Combined |     389    4.996273    .0128373    .2531905    4.971033    5.021512
---------+--------------------------------------------------------------------
    diff |           -.4633844    .0235051               -.5095982   -.4171707
------------------------------------------------------------------------------
    diff = mean(0) - mean(1)                                      t = -19.7142
H0: diff = 0                                     Degrees of freedom =      387

    Ha: diff < 0                 Ha: diff != 0                 Ha: diff > 0
 Pr(T < t) = 0.0000         Pr(|T| > |t|) = 0.0000          Pr(T > t) = 1.0000

. ttest PSODA2, by(STATE)

Two-sample t test with equal variances
------------------------------------------------------------------------------
   Group |     Obs        Mean    Std. err.   Std. dev.   [95% conf. interval]
---------+--------------------------------------------------------------------
       0 |      77    .9754545    .0096124     .084348    .9563099    .9945992
       1 |     311    1.062154    .0049721    .0876845    1.052371    1.071938
---------+--------------------------------------------------------------------
Combined |     388    1.044948    .0047501     .093567    1.035609    1.054288
---------+--------------------------------------------------------------------
    diff |           -.0866998    .0110789               -.1084824   -.0649172
------------------------------------------------------------------------------
    diff = mean(0) - mean(1)                                      t =  -7.8256
H0: diff = 0                                     Degrees of freedom =      386

    Ha: diff < 0                 Ha: diff != 0                 Ha: diff > 0
 Pr(T < t) = 0.0000         Pr(|T| > |t|) = 0.0000          Pr(T > t) = 1.0000

. ttest PFRY2, by(STATE)

Two-sample t test with equal variances
------------------------------------------------------------------------------
   Group |     Obs        Mean    Std. err.   Std. dev.   [95% conf. interval]
---------+--------------------------------------------------------------------
       0 |      73     .859863    .0111539    .0952991    .8376281    .8820979
       1 |     309    .9604531    .0058889    .1035182    .9488654    .9720407
---------+--------------------------------------------------------------------
Combined |     382    .9412304    .0055925    .1093037    .9302344    .9522263
---------+--------------------------------------------------------------------
    diff |           -.1005901    .0132752               -.1266921    -.074488
------------------------------------------------------------------------------
    diff = mean(0) - mean(1)                                      t =  -7.5773
H0: diff = 0                                     Degrees of freedom =      380

    Ha: diff < 0                 Ha: diff != 0                 Ha: diff > 0
 Pr(T < t) = 0.0000         Pr(|T| > |t|) = 0.0000          Pr(T > t) = 1.0000

. ttest PENTREE2, by(STATE)

Two-sample t test with equal variances
------------------------------------------------------------------------------
   Group |     Obs        Mean    Std. err.   Std. dev.   [95% conf. interval]
---------+--------------------------------------------------------------------
       0 |      75    1.185467    .0667372    .5779607     1.05249    1.318443
       1 |     311    1.394727    .0374407    .6602745    1.321057    1.468397
---------+--------------------------------------------------------------------
Combined |     386    1.354067     .033069    .6497019    1.289049    1.419086
---------+--------------------------------------------------------------------
    diff |             -.20926    .0830036               -.3724584   -.0460616
------------------------------------------------------------------------------
    diff = mean(0) - mean(1)                                      t =  -2.5211
H0: diff = 0                                     Degrees of freedom =      384

    Ha: diff < 0                 Ha: diff != 0                 Ha: diff > 0
 Pr(T < t) = 0.0061         Pr(|T| > |t|) = 0.0121          Pr(T > t) = 0.9939

. 
. *------------------------------------------------------------*
. * d)Figure 1: Distribution of Starting Wage Rates (CK 1994)
. *------------------------------------------------------------*
. 
. * bar color black-and-white
. set scheme s2mono

. 
. * Bin settings to match the paper's x-axis: 4.25 to ~5.55 in $0.10 steps
. local start 4.25

. local width 0.10

. 
. *----------------------------*
. * Panel A: February 1992
. *----------------------------*
. twoway ///
>  (histogram WAGE_ST if STATE==1 & !missing(WAGE_ST), ///
>      start(`start') width(`width') percent ///
>      fcolor(black%60) lcolor(black)) ///
>  (histogram WAGE_ST if STATE==0 & !missing(WAGE_ST), ///
>      start(`start') width(`width') percent ///
>      fcolor(none) lcolor(black) lpattern(dash)), ///
>  legend(order(1 "New Jersey" 2 "Pennsylvania") pos(11) ring(0) cols(1)) ///
>  title("February 1992") ///
>  ytitle("Percent of Stores") xtitle("Wage Range") ///
>  graphregion(color(white)) plotregion(margin(zero))

. 
. graph save "fig_wave1.gph", replace
file fig_wave1.gph saved

. graph export "fig_wave1.png", replace
file /Users/yuanhaining/Desktop/fig_wave1.png saved as PNG format

. 
. *----------------------------*
. * Panel B: November 1992
. *----------------------------*
. twoway ///
>  (histogram WAGE_ST2 if STATE==1 & !missing(WAGE_ST2), ///
>      start(`start') width(`width') percent ///
>      fcolor(black%60) lcolor(black)) ///
>  (histogram WAGE_ST2 if STATE==0 & !missing(WAGE_ST2), ///
>      start(`start') width(`width') percent ///
>      fcolor(none) lcolor(black) lpattern(dash)), ///
>  legend(order(1 "New Jersey" 2 "Pennsylvania") pos(11) ring(0) cols(1)) ///
>  title("November 1992") ///
>  ytitle("Percent of Stores") xtitle("Wage Range") ///
>  graphregion(color(white)) plotregion(margin(zero))

. 
. graph save "fig_wave2.gph", replace
file fig_wave2.gph saved

. graph export "fig_wave2.png", replace
file /Users/yuanhaining/Desktop/fig_wave2.png saved as PNG format

. 
. *----------------------------*
. * Combine vertically (like the paper)
. *----------------------------*
. graph combine "fig_wave1.gph" "fig_wave2.gph", ///
>     col(1) imargin(zero) ///
>     title(
parentheses do not balance
r(198);

end of do-file

r(198);

. do "/var/folders/n6/b63hv83n6kv6klpfspjfc53c0000gn/T//SD16029.000000"

. *----------------------------*
. * e) table 3 and table 4 
. *----------------------------*
. 
. * FTE (full-time equivalent): FT + 0.5*PT
. gen FTE1 = EMPFT  + 0.5*EMPPT
variable FTE1 already defined
r(110);

end of do-file

r(110);

. do "/var/folders/n6/b63hv83n6kv6klpfspjfc53c0000gn/T//SD16029.000000"

. * --- Q4 setup: load Card & Krueger data ---
. clear all

. set more off

. 
. * Set the working directory
. cd "/Users/yuanhaining/Desktop/"
/Users/yuanhaining/Desktop

. 
. * Load the dataset
.  use cardnj.dta, clear

.  
. * part c:  Table 2 from Card & Krueger (1994)
. * Verify data structure
. describe

Contains data from cardnj.dta
 Observations:           410                  
    Variables:            46                  5 Nov 2021 04:00
--------------------------------------------------------------------------------------------------
Variable      Storage   Display    Value
    name         type    format    label      Variable label
--------------------------------------------------------------------------------------------------
SHEET           float   %9.0g                 sheet number (unique store id)
CHAIN           byte    %8.0g                 chain 1=bk; 2=kfc; 3=roys; 4=wendys
CO_OWNED        byte    %8.0g                 1 if company owned
STATE           byte    %8.0g                 1 if NJ; 0 if Pa
SOUTHJ          byte    %8.0g                 1 if in southern NJ
CENTRALJ        byte    %8.0g                 1 if in central NJ
NORTHJ          byte    %8.0g                 1 if in northern NJ
PA1             byte    %8.0g                 1 if in PA, northeast suburbs of Phila
PA2             byte    %8.0g                 1 if in PA, Easton etc
SHORE           byte    %8.0g                 1 if on NJ shore
NCALLS          float   %9.0g                 number of call-backs*
EMPFT           float   %9.0g                 # full-time employees
EMPPT           float   %9.0g                 # part-time employees
NMGRS           float   %9.0g                 # managers/ass't managers
WAGE_ST         float   %9.0g                 starting wage ($/hr)
INCTIME         float   %9.0g                 months to usual first raise
FIRSTINC        float   %9.0g                 usual amount of first raise ($/hr)
BONUS           byte    %8.0g                 1 if cash bounty for new workers
PCTAFF          float   %9.0g                 % employees affected by new minimum
MEALS           byte    %8.0g                 free/reduced price code (See below)
OPEN            float   %9.0g                 hour of opening
HRSOPEN         float   %9.0g                 number hrs open per day
PSODA           float   %9.0g                 price of medium soda, including tax
PFRY            float   %9.0g                 price of small fries, including tax
PENTREE         float   %9.0g                 price of entree, including tax
NREGS           float   %9.0g                 number of cash registers in store
NREGS11         float   %9.0g                 number of registers open at 11:00 am
TYPE2           byte    %8.0g                 type 2nd interview 1=phone; 2=personal
STATUS2         byte    %8.0g                 status of second interview: see below
DATE2           float   %td                   date of second interview MMDDYY format
NCALLS2         float   %9.0g                 number of call-backs*
EMPFT2          float   %9.0g                 # full-time employees
EMPPT2          float   %9.0g                 # part-time employees
NMGRS2          float   %9.0g                 # managers/ass't managers
WAGE_ST2        float   %9.0g                 starting wage ($/hr)
INCTIME2        float   %9.0g                 months to usual first raise
FIRSTIN2        float   %9.0g                 usual amount of first raise ($/hr)
SPECIAL2        byte    %8.0g                 1 if special program for new workers
MEALS2          byte    %8.0g                 free/reduced price code (See below)
OPEN2R          float   %9.0g                 hour of opening
HRSOPEN2        float   %9.0g                 number hrs open per day
PSODA2          float   %9.0g                 price of medium soda, including tax
PFRY2           float   %9.0g                 price of small fries, including tax
PENTREE2        float   %9.0g                 price of entree, including tax
NREGS2          float   %9.0g                 number of cash registers in store
NREGS112        float   %9.0g                 number of registers open at 11:00 am
--------------------------------------------------------------------------------------------------
Sorted by: 

. * ️1 Distribution of store types (Burger King, KFC, Roy Rogers, Wendy's)
. tab CHAIN STATE, col

+-------------------+
| Key               |
|-------------------|
|     frequency     |
| column percentage |
+-------------------+

     chain |
     1=bk; |
    2=kfc; |
   3=roys; |   1 if NJ; 0 if Pa
  4=wendys |         0          1 |     Total
-----------+----------------------+----------
         1 |        35        136 |       171 
           |     44.30      41.09 |     41.71 
-----------+----------------------+----------
         2 |        12         68 |        80 
           |     15.19      20.54 |     19.51 
-----------+----------------------+----------
         3 |        17         82 |        99 
           |     21.52      24.77 |     24.15 
-----------+----------------------+----------
         4 |        15         45 |        60 
           |     18.99      13.60 |     14.63 
-----------+----------------------+----------
     Total |        79        331 |       410 
           |    100.00     100.00 |    100.00 

. 
. * 2 Create full-time-equivalent (FTE) employment for Wave 1
. gen FTE1 = EMPFT + 0.5*EMPPT
(6 missing values generated)

. 
. * 3 Calculate summary statistics for Wave 1 (Pre-treatment)
. bysort STATE: summarize FTE1 EMPFT EMPPT NMGRS WAGE_ST PSODA PFRY PENTREE HRSOPEN

--------------------------------------------------------------------------------------------------
-> STATE = 0

    Variable |        Obs        Mean    Std. dev.       Min        Max
-------------+---------------------------------------------------------
        FTE1 |         78    19.94872    11.67994        4.5       67.5
       EMPFT |         78    10.20513    10.77589          0         50
       EMPPT |         78    19.48718    9.577427          2         55
       NMGRS |         78    3.538462    1.101266          1          7
     WAGE_ST |         76    4.630132    .3516873       4.25        5.5
-------------+---------------------------------------------------------
       PSODA |         77    .9746753    .0694827        .73       1.13
        PFRY |         77     .841948      .08751        .69       1.05
     PENTREE |         77    1.215065    .6228893        .52        3.5
     HRSOPEN |         79    14.52532    2.951422          8         24

--------------------------------------------------------------------------------------------------
-> STATE = 1

    Variable |        Obs        Mean    Std. dev.       Min        Max
-------------+---------------------------------------------------------
        FTE1 |        326    17.06518    8.727993          3         80
       EMPFT |        326    7.723926     7.96389          0         60
       EMPPT |        328     18.6753    10.20586          0         60
       NMGRS |        326    3.392025    .9972875          1         10
     WAGE_ST |        314    4.612134    .3463505       4.25       5.75
-------------+---------------------------------------------------------
       PSODA |        325    1.061508    .0845789        .85       1.49
        PFRY |        316    .9414873    .1007779        .67       1.27
     PENTREE |        321    1.347882    .6461413        .49       3.95
     HRSOPEN |        331    14.41843    2.779414          7         24


. 
. * 4 Create FTE for Wave 2
. gen FTE2 = EMPFT2 + 0.5*EMPPT2
(13 missing values generated)

. 
. * 5 Summary statistics for Wave 2 (Post-treatment)
. bysort STATE: summarize FTE2 EMPFT2 EMPPT2 NMGRS2 WAGE_ST2 PSODA2 PFRY2 PENTREE2 HRSOPEN2

--------------------------------------------------------------------------------------------------
-> STATE = 0

    Variable |        Obs        Mean    Std. dev.       Min        Max
-------------+---------------------------------------------------------
        FTE2 |         77    17.54221    7.909272          0      38.25
      EMPFT2 |         77    7.564935    8.492005          0         35
      EMPPT2 |         77    19.95455    10.20422          0         48
      NMGRS2 |         78    3.641026    1.289058          0          8
    WAGE_ST2 |         71    4.617465    .3574781       4.25       6.25
-------------+---------------------------------------------------------
      PSODA2 |         77    .9754545     .084348        .41       1.11
       PFRY2 |         73     .859863    .0952991        .69       1.11
    PENTREE2 |         75    1.185467    .5779607        .63       2.64
    HRSOPEN2 |         78    14.65385    2.887847          9         24

--------------------------------------------------------------------------------------------------
-> STATE = 1

    Variable |        Obs        Mean    Std. dev.       Min        Max
-------------+---------------------------------------------------------
        FTE2 |        320    17.57266    8.778737          0       55.5
      EMPFT2 |        321    8.445483    7.844942          0         40
      EMPPT2 |        323    18.37307    10.80736          0         60
      NMGRS2 |        326    3.446319    1.100085          0          8
    WAGE_ST2 |        318    5.080849    .1045445          5       5.75
-------------+---------------------------------------------------------
      PSODA2 |        311    1.062154    .0876845        .84        1.4
       PFRY2 |        309    .9604531    .1035182        .73       1.37
    PENTREE2 |        311    1.394727    .6602745        .41       2.85
    HRSOPEN2 |        321    14.41978    2.721297          8         24


. 
. * 6 t-tests comparing NJ vs. PA
. ttest FTE1, by(STATE)

Two-sample t test with equal variances
------------------------------------------------------------------------------
   Group |     Obs        Mean    Std. err.   Std. dev.   [95% conf. interval]
---------+--------------------------------------------------------------------
       0 |      78    19.94872    1.322493    11.67994     17.3153    22.58214
       1 |     326    17.06518    .4833988    8.727993     16.1142    18.01617
---------+--------------------------------------------------------------------
Combined |     404    17.62191    .4688249    9.423264    16.70026    18.54355
---------+--------------------------------------------------------------------
    diff |            2.883534    1.180528                .5627538    5.204314
------------------------------------------------------------------------------
    diff = mean(0) - mean(1)                                      t =   2.4426
H0: diff = 0                                     Degrees of freedom =      402

    Ha: diff < 0                 Ha: diff != 0                 Ha: diff > 0
 Pr(T < t) = 0.9925         Pr(|T| > |t|) = 0.0150          Pr(T > t) = 0.0075

. ttest FTE2, by(STATE)

Two-sample t test with equal variances
------------------------------------------------------------------------------
   Group |     Obs        Mean    Std. err.   Std. dev.   [95% conf. interval]
---------+--------------------------------------------------------------------
       0 |      77    17.54221    .9013452    7.909272    15.74702    19.33739
       1 |     320    17.57266    .4907463    8.778737    16.60715    18.53816
---------+--------------------------------------------------------------------
Combined |     397    17.56675    .4319923    8.607385    16.71747    18.41604
---------+--------------------------------------------------------------------
    diff |           -.0304485    1.093943               -2.181127     2.12023
------------------------------------------------------------------------------
    diff = mean(0) - mean(1)                                      t =  -0.0278
H0: diff = 0                                     Degrees of freedom =      395

    Ha: diff < 0                 Ha: diff != 0                 Ha: diff > 0
 Pr(T < t) = 0.4889         Pr(|T| > |t|) = 0.9778          Pr(T > t) = 0.5111

. ttest WAGE_ST, by(STATE)

Two-sample t test with equal variances
------------------------------------------------------------------------------
   Group |     Obs        Mean    Std. err.   Std. dev.   [95% conf. interval]
---------+--------------------------------------------------------------------
       0 |      76    4.630132    .0403413    .3516873    4.549768    4.710496
       1 |     314    4.612134    .0195457    .3463505    4.573676    4.650591
---------+--------------------------------------------------------------------
Combined |     390    4.615641    .0175718    .3470151    4.581093    4.650189
---------+--------------------------------------------------------------------
    diff |            .0179978    .0444095               -.0693156    .1053113
------------------------------------------------------------------------------
    diff = mean(0) - mean(1)                                      t =   0.4053
H0: diff = 0                                     Degrees of freedom =      388

    Ha: diff < 0                 Ha: diff != 0                 Ha: diff > 0
 Pr(T < t) = 0.6572         Pr(|T| > |t|) = 0.6855          Pr(T > t) = 0.3428

. ttest WAGE_ST2, by(STATE)

Two-sample t test with equal variances
------------------------------------------------------------------------------
   Group |     Obs        Mean    Std. err.   Std. dev.   [95% conf. interval]
---------+--------------------------------------------------------------------
       0 |      71    4.617465    .0424249    .3574781    4.532851    4.702078
       1 |     318    5.080849    .0058626    .1045445    5.069315    5.092384
---------+--------------------------------------------------------------------
Combined |     389    4.996273    .0128373    .2531905    4.971033    5.021512
---------+--------------------------------------------------------------------
    diff |           -.4633844    .0235051               -.5095982   -.4171707
------------------------------------------------------------------------------
    diff = mean(0) - mean(1)                                      t = -19.7142
H0: diff = 0                                     Degrees of freedom =      387

    Ha: diff < 0                 Ha: diff != 0                 Ha: diff > 0
 Pr(T < t) = 0.0000         Pr(|T| > |t|) = 0.0000          Pr(T > t) = 1.0000

. ttest PSODA2, by(STATE)

Two-sample t test with equal variances
------------------------------------------------------------------------------
   Group |     Obs        Mean    Std. err.   Std. dev.   [95% conf. interval]
---------+--------------------------------------------------------------------
       0 |      77    .9754545    .0096124     .084348    .9563099    .9945992
       1 |     311    1.062154    .0049721    .0876845    1.052371    1.071938
---------+--------------------------------------------------------------------
Combined |     388    1.044948    .0047501     .093567    1.035609    1.054288
---------+--------------------------------------------------------------------
    diff |           -.0866998    .0110789               -.1084824   -.0649172
------------------------------------------------------------------------------
    diff = mean(0) - mean(1)                                      t =  -7.8256
H0: diff = 0                                     Degrees of freedom =      386

    Ha: diff < 0                 Ha: diff != 0                 Ha: diff > 0
 Pr(T < t) = 0.0000         Pr(|T| > |t|) = 0.0000          Pr(T > t) = 1.0000

. ttest PFRY2, by(STATE)

Two-sample t test with equal variances
------------------------------------------------------------------------------
   Group |     Obs        Mean    Std. err.   Std. dev.   [95% conf. interval]
---------+--------------------------------------------------------------------
       0 |      73     .859863    .0111539    .0952991    .8376281    .8820979
       1 |     309    .9604531    .0058889    .1035182    .9488654    .9720407
---------+--------------------------------------------------------------------
Combined |     382    .9412304    .0055925    .1093037    .9302344    .9522263
---------+--------------------------------------------------------------------
    diff |           -.1005901    .0132752               -.1266921    -.074488
------------------------------------------------------------------------------
    diff = mean(0) - mean(1)                                      t =  -7.5773
H0: diff = 0                                     Degrees of freedom =      380

    Ha: diff < 0                 Ha: diff != 0                 Ha: diff > 0
 Pr(T < t) = 0.0000         Pr(|T| > |t|) = 0.0000          Pr(T > t) = 1.0000

. ttest PENTREE2, by(STATE)

Two-sample t test with equal variances
------------------------------------------------------------------------------
   Group |     Obs        Mean    Std. err.   Std. dev.   [95% conf. interval]
---------+--------------------------------------------------------------------
       0 |      75    1.185467    .0667372    .5779607     1.05249    1.318443
       1 |     311    1.394727    .0374407    .6602745    1.321057    1.468397
---------+--------------------------------------------------------------------
Combined |     386    1.354067     .033069    .6497019    1.289049    1.419086
---------+--------------------------------------------------------------------
    diff |             -.20926    .0830036               -.3724584   -.0460616
------------------------------------------------------------------------------
    diff = mean(0) - mean(1)                                      t =  -2.5211
H0: diff = 0                                     Degrees of freedom =      384

    Ha: diff < 0                 Ha: diff != 0                 Ha: diff > 0
 Pr(T < t) = 0.0061         Pr(|T| > |t|) = 0.0121          Pr(T > t) = 0.9939

. 
. *------------------------------------------------------------*
. * d)Figure 1: Distribution of Starting Wage Rates (CK 1994)
. *------------------------------------------------------------*
. 
. * bar color black-and-white
. set scheme s2mono

. 
. * Bin settings to match the paper's x-axis: 4.25 to ~5.55 in $0.10 steps
. local start 4.25

. local width 0.10

. 
. *----------------------------*
. * Panel A: February 1992
. *----------------------------*
. twoway ///
>  (histogram WAGE_ST if STATE==1 & !missing(WAGE_ST), ///
>      start(`start') width(`width') percent ///
>      fcolor(black%60) lcolor(black)) ///
>  (histogram WAGE_ST if STATE==0 & !missing(WAGE_ST), ///
>      start(`start') width(`width') percent ///
>      fcolor(none) lcolor(black) lpattern(dash)), ///
>  legend(order(1 "New Jersey" 2 "Pennsylvania") pos(11) ring(0) cols(1)) ///
>  title("February 1992") ///
>  ytitle("Percent of Stores") xtitle("Wage Range") ///
>  graphregion(color(white)) plotregion(margin(zero))

. 
. graph save "fig_wave1.gph", replace
file fig_wave1.gph saved

. graph export "fig_wave1.png", replace
file /Users/yuanhaining/Desktop/fig_wave1.png saved as PNG format

. 
. *----------------------------*
. * Panel B: November 1992
. *----------------------------*
. twoway ///
>  (histogram WAGE_ST2 if STATE==1 & !missing(WAGE_ST2), ///
>      start(`start') width(`width') percent ///
>      fcolor(black%60) lcolor(black)) ///
>  (histogram WAGE_ST2 if STATE==0 & !missing(WAGE_ST2), ///
>      start(`start') width(`width') percent ///
>      fcolor(none) lcolor(black) lpattern(dash)), ///
>  legend(order(1 "New Jersey" 2 "Pennsylvania") pos(11) ring(0) cols(1)) ///
>  title("November 1992") ///
>  ytitle("Percent of Stores") xtitle("Wage Range") ///
>  graphregion(color(white)) plotregion(margin(zero))

. 
. graph save "fig_wave2.gph", replace
file fig_wave2.gph saved

. graph export "fig_wave2.png", replace
file /Users/yuanhaining/Desktop/fig_wave2.png saved as PNG format

. 
. *----------------------------*
. * Combine vertically (like the paper)
. *----------------------------*
. graph combine "fig_wave1.gph" "fig_wave2.gph", ///
>     col(1) imargin(zero) ///
>     title(
parentheses do not balance
r(198);

end of do-file

r(198);

. do "/var/folders/n6/b63hv83n6kv6klpfspjfc53c0000gn/T//SD16029.000000"

. *------------------------------------------------------------*
. * Table 3, cols (iv)-(vi): within NJ by wage group
. *------------------------------------------------------------*
. * Row 1: FTE1 means
. quietly: summarize FTE1 if nj_low
nj_low not found
r(111);

end of do-file

r(111);

. do "/var/folders/n6/b63hv83n6kv6klpfspjfc53c0000gn/T//SD16029.000000"

. * --- Q4 setup: load Card & Krueger data ---
. clear all

. set more off

. 
. * Set the working directory
. cd "/Users/yuanhaining/Desktop/"
/Users/yuanhaining/Desktop

. 
. * Load the dataset
.  use cardnj.dta, clear

.  
. * part c:  Table 2 from Card & Krueger (1994)
. * Verify data structure
. describe

Contains data from cardnj.dta
 Observations:           410                  
    Variables:            46                  5 Nov 2021 04:00
--------------------------------------------------------------------------------------------------
Variable      Storage   Display    Value
    name         type    format    label      Variable label
--------------------------------------------------------------------------------------------------
SHEET           float   %9.0g                 sheet number (unique store id)
CHAIN           byte    %8.0g                 chain 1=bk; 2=kfc; 3=roys; 4=wendys
CO_OWNED        byte    %8.0g                 1 if company owned
STATE           byte    %8.0g                 1 if NJ; 0 if Pa
SOUTHJ          byte    %8.0g                 1 if in southern NJ
CENTRALJ        byte    %8.0g                 1 if in central NJ
NORTHJ          byte    %8.0g                 1 if in northern NJ
PA1             byte    %8.0g                 1 if in PA, northeast suburbs of Phila
PA2             byte    %8.0g                 1 if in PA, Easton etc
SHORE           byte    %8.0g                 1 if on NJ shore
NCALLS          float   %9.0g                 number of call-backs*
EMPFT           float   %9.0g                 # full-time employees
EMPPT           float   %9.0g                 # part-time employees
NMGRS           float   %9.0g                 # managers/ass't managers
WAGE_ST         float   %9.0g                 starting wage ($/hr)
INCTIME         float   %9.0g                 months to usual first raise
FIRSTINC        float   %9.0g                 usual amount of first raise ($/hr)
BONUS           byte    %8.0g                 1 if cash bounty for new workers
PCTAFF          float   %9.0g                 % employees affected by new minimum
MEALS           byte    %8.0g                 free/reduced price code (See below)
OPEN            float   %9.0g                 hour of opening
HRSOPEN         float   %9.0g                 number hrs open per day
PSODA           float   %9.0g                 price of medium soda, including tax
PFRY            float   %9.0g                 price of small fries, including tax
PENTREE         float   %9.0g                 price of entree, including tax
NREGS           float   %9.0g                 number of cash registers in store
NREGS11         float   %9.0g                 number of registers open at 11:00 am
TYPE2           byte    %8.0g                 type 2nd interview 1=phone; 2=personal
STATUS2         byte    %8.0g                 status of second interview: see below
DATE2           float   %td                   date of second interview MMDDYY format
NCALLS2         float   %9.0g                 number of call-backs*
EMPFT2          float   %9.0g                 # full-time employees
EMPPT2          float   %9.0g                 # part-time employees
NMGRS2          float   %9.0g                 # managers/ass't managers
WAGE_ST2        float   %9.0g                 starting wage ($/hr)
INCTIME2        float   %9.0g                 months to usual first raise
FIRSTIN2        float   %9.0g                 usual amount of first raise ($/hr)
SPECIAL2        byte    %8.0g                 1 if special program for new workers
MEALS2          byte    %8.0g                 free/reduced price code (See below)
OPEN2R          float   %9.0g                 hour of opening
HRSOPEN2        float   %9.0g                 number hrs open per day
PSODA2          float   %9.0g                 price of medium soda, including tax
PFRY2           float   %9.0g                 price of small fries, including tax
PENTREE2        float   %9.0g                 price of entree, including tax
NREGS2          float   %9.0g                 number of cash registers in store
NREGS112        float   %9.0g                 number of registers open at 11:00 am
--------------------------------------------------------------------------------------------------
Sorted by: 

. * ️1 Distribution of store types (Burger King, KFC, Roy Rogers, Wendy's)
. tab CHAIN STATE, col

+-------------------+
| Key               |
|-------------------|
|     frequency     |
| column percentage |
+-------------------+

     chain |
     1=bk; |
    2=kfc; |
   3=roys; |   1 if NJ; 0 if Pa
  4=wendys |         0          1 |     Total
-----------+----------------------+----------
         1 |        35        136 |       171 
           |     44.30      41.09 |     41.71 
-----------+----------------------+----------
         2 |        12         68 |        80 
           |     15.19      20.54 |     19.51 
-----------+----------------------+----------
         3 |        17         82 |        99 
           |     21.52      24.77 |     24.15 
-----------+----------------------+----------
         4 |        15         45 |        60 
           |     18.99      13.60 |     14.63 
-----------+----------------------+----------
     Total |        79        331 |       410 
           |    100.00     100.00 |    100.00 

. 
. * 2 Create full-time-equivalent (FTE) employment for Wave 1
. gen FTE1 = EMPFT + 0.5*EMPPT
(6 missing values generated)

. 
. * 3 Calculate summary statistics for Wave 1 (Pre-treatment)
. bysort STATE: summarize FTE1 EMPFT EMPPT NMGRS WAGE_ST PSODA PFRY PENTREE HRSOPEN

--------------------------------------------------------------------------------------------------
-> STATE = 0

    Variable |        Obs        Mean    Std. dev.       Min        Max
-------------+---------------------------------------------------------
        FTE1 |         78    19.94872    11.67994        4.5       67.5
       EMPFT |         78    10.20513    10.77589          0         50
       EMPPT |         78    19.48718    9.577427          2         55
       NMGRS |         78    3.538462    1.101266          1          7
     WAGE_ST |         76    4.630132    .3516873       4.25        5.5
-------------+---------------------------------------------------------
       PSODA |         77    .9746753    .0694827        .73       1.13
        PFRY |         77     .841948      .08751        .69       1.05
     PENTREE |         77    1.215065    .6228893        .52        3.5
     HRSOPEN |         79    14.52532    2.951422          8         24

--------------------------------------------------------------------------------------------------
-> STATE = 1

    Variable |        Obs        Mean    Std. dev.       Min        Max
-------------+---------------------------------------------------------
        FTE1 |        326    17.06518    8.727993          3         80
       EMPFT |        326    7.723926     7.96389          0         60
       EMPPT |        328     18.6753    10.20586          0         60
       NMGRS |        326    3.392025    .9972875          1         10
     WAGE_ST |        314    4.612134    .3463505       4.25       5.75
-------------+---------------------------------------------------------
       PSODA |        325    1.061508    .0845789        .85       1.49
        PFRY |        316    .9414873    .1007779        .67       1.27
     PENTREE |        321    1.347882    .6461413        .49       3.95
     HRSOPEN |        331    14.41843    2.779414          7         24


. 
. * 4 Create FTE for Wave 2
. gen FTE2 = EMPFT2 + 0.5*EMPPT2
(13 missing values generated)

. 
. * 5 Summary statistics for Wave 2 (Post-treatment)
. bysort STATE: summarize FTE2 EMPFT2 EMPPT2 NMGRS2 WAGE_ST2 PSODA2 PFRY2 PENTREE2 HRSOPEN2

--------------------------------------------------------------------------------------------------
-> STATE = 0

    Variable |        Obs        Mean    Std. dev.       Min        Max
-------------+---------------------------------------------------------
        FTE2 |         77    17.54221    7.909272          0      38.25
      EMPFT2 |         77    7.564935    8.492005          0         35
      EMPPT2 |         77    19.95455    10.20422          0         48
      NMGRS2 |         78    3.641026    1.289058          0          8
    WAGE_ST2 |         71    4.617465    .3574781       4.25       6.25
-------------+---------------------------------------------------------
      PSODA2 |         77    .9754545     .084348        .41       1.11
       PFRY2 |         73     .859863    .0952991        .69       1.11
    PENTREE2 |         75    1.185467    .5779607        .63       2.64
    HRSOPEN2 |         78    14.65385    2.887847          9         24

--------------------------------------------------------------------------------------------------
-> STATE = 1

    Variable |        Obs        Mean    Std. dev.       Min        Max
-------------+---------------------------------------------------------
        FTE2 |        320    17.57266    8.778737          0       55.5
      EMPFT2 |        321    8.445483    7.844942          0         40
      EMPPT2 |        323    18.37307    10.80736          0         60
      NMGRS2 |        326    3.446319    1.100085          0          8
    WAGE_ST2 |        318    5.080849    .1045445          5       5.75
-------------+---------------------------------------------------------
      PSODA2 |        311    1.062154    .0876845        .84        1.4
       PFRY2 |        309    .9604531    .1035182        .73       1.37
    PENTREE2 |        311    1.394727    .6602745        .41       2.85
    HRSOPEN2 |        321    14.41978    2.721297          8         24


. 
. * 6 t-tests comparing NJ vs. PA
. ttest FTE1, by(STATE)

Two-sample t test with equal variances
------------------------------------------------------------------------------
   Group |     Obs        Mean    Std. err.   Std. dev.   [95% conf. interval]
---------+--------------------------------------------------------------------
       0 |      78    19.94872    1.322493    11.67994     17.3153    22.58214
       1 |     326    17.06518    .4833988    8.727993     16.1142    18.01617
---------+--------------------------------------------------------------------
Combined |     404    17.62191    .4688249    9.423264    16.70026    18.54355
---------+--------------------------------------------------------------------
    diff |            2.883534    1.180528                .5627538    5.204314
------------------------------------------------------------------------------
    diff = mean(0) - mean(1)                                      t =   2.4426
H0: diff = 0                                     Degrees of freedom =      402

    Ha: diff < 0                 Ha: diff != 0                 Ha: diff > 0
 Pr(T < t) = 0.9925         Pr(|T| > |t|) = 0.0150          Pr(T > t) = 0.0075

. ttest FTE2, by(STATE)

Two-sample t test with equal variances
------------------------------------------------------------------------------
   Group |     Obs        Mean    Std. err.   Std. dev.   [95% conf. interval]
---------+--------------------------------------------------------------------
       0 |      77    17.54221    .9013452    7.909272    15.74702    19.33739
       1 |     320    17.57266    .4907463    8.778737    16.60715    18.53816
---------+--------------------------------------------------------------------
Combined |     397    17.56675    .4319923    8.607385    16.71747    18.41604
---------+--------------------------------------------------------------------
    diff |           -.0304485    1.093943               -2.181127     2.12023
------------------------------------------------------------------------------
    diff = mean(0) - mean(1)                                      t =  -0.0278
H0: diff = 0                                     Degrees of freedom =      395

    Ha: diff < 0                 Ha: diff != 0                 Ha: diff > 0
 Pr(T < t) = 0.4889         Pr(|T| > |t|) = 0.9778          Pr(T > t) = 0.5111

. ttest WAGE_ST, by(STATE)

Two-sample t test with equal variances
------------------------------------------------------------------------------
   Group |     Obs        Mean    Std. err.   Std. dev.   [95% conf. interval]
---------+--------------------------------------------------------------------
       0 |      76    4.630132    .0403413    .3516873    4.549768    4.710496
       1 |     314    4.612134    .0195457    .3463505    4.573676    4.650591
---------+--------------------------------------------------------------------
Combined |     390    4.615641    .0175718    .3470151    4.581093    4.650189
---------+--------------------------------------------------------------------
    diff |            .0179978    .0444095               -.0693156    .1053113
------------------------------------------------------------------------------
    diff = mean(0) - mean(1)                                      t =   0.4053
H0: diff = 0                                     Degrees of freedom =      388

    Ha: diff < 0                 Ha: diff != 0                 Ha: diff > 0
 Pr(T < t) = 0.6572         Pr(|T| > |t|) = 0.6855          Pr(T > t) = 0.3428

. ttest WAGE_ST2, by(STATE)

Two-sample t test with equal variances
------------------------------------------------------------------------------
   Group |     Obs        Mean    Std. err.   Std. dev.   [95% conf. interval]
---------+--------------------------------------------------------------------
       0 |      71    4.617465    .0424249    .3574781    4.532851    4.702078
       1 |     318    5.080849    .0058626    .1045445    5.069315    5.092384
---------+--------------------------------------------------------------------
Combined |     389    4.996273    .0128373    .2531905    4.971033    5.021512
---------+--------------------------------------------------------------------
    diff |           -.4633844    .0235051               -.5095982   -.4171707
------------------------------------------------------------------------------
    diff = mean(0) - mean(1)                                      t = -19.7142
H0: diff = 0                                     Degrees of freedom =      387

    Ha: diff < 0                 Ha: diff != 0                 Ha: diff > 0
 Pr(T < t) = 0.0000         Pr(|T| > |t|) = 0.0000          Pr(T > t) = 1.0000

. ttest PSODA2, by(STATE)

Two-sample t test with equal variances
------------------------------------------------------------------------------
   Group |     Obs        Mean    Std. err.   Std. dev.   [95% conf. interval]
---------+--------------------------------------------------------------------
       0 |      77    .9754545    .0096124     .084348    .9563099    .9945992
       1 |     311    1.062154    .0049721    .0876845    1.052371    1.071938
---------+--------------------------------------------------------------------
Combined |     388    1.044948    .0047501     .093567    1.035609    1.054288
---------+--------------------------------------------------------------------
    diff |           -.0866998    .0110789               -.1084824   -.0649172
------------------------------------------------------------------------------
    diff = mean(0) - mean(1)                                      t =  -7.8256
H0: diff = 0                                     Degrees of freedom =      386

    Ha: diff < 0                 Ha: diff != 0                 Ha: diff > 0
 Pr(T < t) = 0.0000         Pr(|T| > |t|) = 0.0000          Pr(T > t) = 1.0000

. ttest PFRY2, by(STATE)

Two-sample t test with equal variances
------------------------------------------------------------------------------
   Group |     Obs        Mean    Std. err.   Std. dev.   [95% conf. interval]
---------+--------------------------------------------------------------------
       0 |      73     .859863    .0111539    .0952991    .8376281    .8820979
       1 |     309    .9604531    .0058889    .1035182    .9488654    .9720407
---------+--------------------------------------------------------------------
Combined |     382    .9412304    .0055925    .1093037    .9302344    .9522263
---------+--------------------------------------------------------------------
    diff |           -.1005901    .0132752               -.1266921    -.074488
------------------------------------------------------------------------------
    diff = mean(0) - mean(1)                                      t =  -7.5773
H0: diff = 0                                     Degrees of freedom =      380

    Ha: diff < 0                 Ha: diff != 0                 Ha: diff > 0
 Pr(T < t) = 0.0000         Pr(|T| > |t|) = 0.0000          Pr(T > t) = 1.0000

. ttest PENTREE2, by(STATE)

Two-sample t test with equal variances
------------------------------------------------------------------------------
   Group |     Obs        Mean    Std. err.   Std. dev.   [95% conf. interval]
---------+--------------------------------------------------------------------
       0 |      75    1.185467    .0667372    .5779607     1.05249    1.318443
       1 |     311    1.394727    .0374407    .6602745    1.321057    1.468397
---------+--------------------------------------------------------------------
Combined |     386    1.354067     .033069    .6497019    1.289049    1.419086
---------+--------------------------------------------------------------------
    diff |             -.20926    .0830036               -.3724584   -.0460616
------------------------------------------------------------------------------
    diff = mean(0) - mean(1)                                      t =  -2.5211
H0: diff = 0                                     Degrees of freedom =      384

    Ha: diff < 0                 Ha: diff != 0                 Ha: diff > 0
 Pr(T < t) = 0.0061         Pr(|T| > |t|) = 0.0121          Pr(T > t) = 0.9939

. 
. *------------------------------------------------------------*
. * d)Figure 1: Distribution of Starting Wage Rates (CK 1994)
. *------------------------------------------------------------*
. 
. * bar color black-and-white
. set scheme s2mono

. 
. * Bin settings to match the paper's x-axis: 4.25 to ~5.55 in $0.10 steps
. local start 4.25

. local width 0.10

. 
. *----------------------------*
. * Panel A: February 1992
. *----------------------------*
. twoway ///
>  (histogram WAGE_ST if STATE==1 & !missing(WAGE_ST), ///
>      start(`start') width(`width') percent ///
>      fcolor(black%60) lcolor(black)) ///
>  (histogram WAGE_ST if STATE==0 & !missing(WAGE_ST), ///
>      start(`start') width(`width') percent ///
>      fcolor(none) lcolor(black) lpattern(dash)), ///
>  legend(order(1 "New Jersey" 2 "Pennsylvania") pos(11) ring(0) cols(1)) ///
>  title("February 1992") ///
>  ytitle("Percent of Stores") xtitle("Wage Range") ///
>  graphregion(color(white)) plotregion(margin(zero))

. 
. graph save "fig_wave1.gph", replace
file fig_wave1.gph saved

. graph export "fig_wave1.png", replace
file /Users/yuanhaining/Desktop/fig_wave1.png saved as PNG format

. 
. *----------------------------*
. * Panel B: November 1992
. *----------------------------*
. twoway ///
>  (histogram WAGE_ST2 if STATE==1 & !missing(WAGE_ST2), ///
>      start(`start') width(`width') percent ///
>      fcolor(black%60) lcolor(black)) ///
>  (histogram WAGE_ST2 if STATE==0 & !missing(WAGE_ST2), ///
>      start(`start') width(`width') percent ///
>      fcolor(none) lcolor(black) lpattern(dash)), ///
>  legend(order(1 "New Jersey" 2 "Pennsylvania") pos(11) ring(0) cols(1)) ///
>  title("November 1992") ///
>  ytitle("Percent of Stores") xtitle("Wage Range") ///
>  graphregion(color(white)) plotregion(margin(zero))

. 
. graph save "fig_wave2.gph", replace
file fig_wave2.gph saved

. graph export "fig_wave2.png", replace
file /Users/yuanhaining/Desktop/fig_wave2.png saved as PNG format

. 
. *----------------------------*
. * Combine vertically (like the paper)
. *----------------------------*
. graph combine "fig_wave1.gph" "fig_wave2.gph", ///
>     col(1) imargin(zero) ///
>     title(
parentheses do not balance
r(198);

end of do-file

r(198);

. do "/var/folders/n6/b63hv83n6kv6klpfspjfc53c0000gn/T//SD16029.000000"

. * --- Q4 setup: load Card & Krueger data ---
. clear all

. set more off

. 
. * Set the working directory
. cd "/Users/yuanhaining/Desktop/"
/Users/yuanhaining/Desktop

. 
. * Load the dataset
.  use cardnj.dta, clear

.  
. * part c:  Table 2 from Card & Krueger (1994)
. * Verify data structure
. describe

Contains data from cardnj.dta
 Observations:           410                  
    Variables:            46                  5 Nov 2021 04:00
--------------------------------------------------------------------------------------------------
Variable      Storage   Display    Value
    name         type    format    label      Variable label
--------------------------------------------------------------------------------------------------
SHEET           float   %9.0g                 sheet number (unique store id)
CHAIN           byte    %8.0g                 chain 1=bk; 2=kfc; 3=roys; 4=wendys
CO_OWNED        byte    %8.0g                 1 if company owned
STATE           byte    %8.0g                 1 if NJ; 0 if Pa
SOUTHJ          byte    %8.0g                 1 if in southern NJ
CENTRALJ        byte    %8.0g                 1 if in central NJ
NORTHJ          byte    %8.0g                 1 if in northern NJ
PA1             byte    %8.0g                 1 if in PA, northeast suburbs of Phila
PA2             byte    %8.0g                 1 if in PA, Easton etc
SHORE           byte    %8.0g                 1 if on NJ shore
NCALLS          float   %9.0g                 number of call-backs*
EMPFT           float   %9.0g                 # full-time employees
EMPPT           float   %9.0g                 # part-time employees
NMGRS           float   %9.0g                 # managers/ass't managers
WAGE_ST         float   %9.0g                 starting wage ($/hr)
INCTIME         float   %9.0g                 months to usual first raise
FIRSTINC        float   %9.0g                 usual amount of first raise ($/hr)
BONUS           byte    %8.0g                 1 if cash bounty for new workers
PCTAFF          float   %9.0g                 % employees affected by new minimum
MEALS           byte    %8.0g                 free/reduced price code (See below)
OPEN            float   %9.0g                 hour of opening
HRSOPEN         float   %9.0g                 number hrs open per day
PSODA           float   %9.0g                 price of medium soda, including tax
PFRY            float   %9.0g                 price of small fries, including tax
PENTREE         float   %9.0g                 price of entree, including tax
NREGS           float   %9.0g                 number of cash registers in store
NREGS11         float   %9.0g                 number of registers open at 11:00 am
TYPE2           byte    %8.0g                 type 2nd interview 1=phone; 2=personal
STATUS2         byte    %8.0g                 status of second interview: see below
DATE2           float   %td                   date of second interview MMDDYY format
NCALLS2         float   %9.0g                 number of call-backs*
EMPFT2          float   %9.0g                 # full-time employees
EMPPT2          float   %9.0g                 # part-time employees
NMGRS2          float   %9.0g                 # managers/ass't managers
WAGE_ST2        float   %9.0g                 starting wage ($/hr)
INCTIME2        float   %9.0g                 months to usual first raise
FIRSTIN2        float   %9.0g                 usual amount of first raise ($/hr)
SPECIAL2        byte    %8.0g                 1 if special program for new workers
MEALS2          byte    %8.0g                 free/reduced price code (See below)
OPEN2R          float   %9.0g                 hour of opening
HRSOPEN2        float   %9.0g                 number hrs open per day
PSODA2          float   %9.0g                 price of medium soda, including tax
PFRY2           float   %9.0g                 price of small fries, including tax
PENTREE2        float   %9.0g                 price of entree, including tax
NREGS2          float   %9.0g                 number of cash registers in store
NREGS112        float   %9.0g                 number of registers open at 11:00 am
--------------------------------------------------------------------------------------------------
Sorted by: 

. * ️1 Distribution of store types (Burger King, KFC, Roy Rogers, Wendy's)
. tab CHAIN STATE, col

+-------------------+
| Key               |
|-------------------|
|     frequency     |
| column percentage |
+-------------------+

     chain |
     1=bk; |
    2=kfc; |
   3=roys; |   1 if NJ; 0 if Pa
  4=wendys |         0          1 |     Total
-----------+----------------------+----------
         1 |        35        136 |       171 
           |     44.30      41.09 |     41.71 
-----------+----------------------+----------
         2 |        12         68 |        80 
           |     15.19      20.54 |     19.51 
-----------+----------------------+----------
         3 |        17         82 |        99 
           |     21.52      24.77 |     24.15 
-----------+----------------------+----------
         4 |        15         45 |        60 
           |     18.99      13.60 |     14.63 
-----------+----------------------+----------
     Total |        79        331 |       410 
           |    100.00     100.00 |    100.00 

. 
. * 2 Create full-time-equivalent (FTE) employment for Wave 1
. gen FTE1 = EMPFT + 0.5*EMPPT
(6 missing values generated)

. 
. * 3 Calculate summary statistics for Wave 1 (Pre-treatment)
. bysort STATE: summarize FTE1 EMPFT EMPPT NMGRS WAGE_ST PSODA PFRY PENTREE HRSOPEN

--------------------------------------------------------------------------------------------------
-> STATE = 0

    Variable |        Obs        Mean    Std. dev.       Min        Max
-------------+---------------------------------------------------------
        FTE1 |         78    19.94872    11.67994        4.5       67.5
       EMPFT |         78    10.20513    10.77589          0         50
       EMPPT |         78    19.48718    9.577427          2         55
       NMGRS |         78    3.538462    1.101266          1          7
     WAGE_ST |         76    4.630132    .3516873       4.25        5.5
-------------+---------------------------------------------------------
       PSODA |         77    .9746753    .0694827        .73       1.13
        PFRY |         77     .841948      .08751        .69       1.05
     PENTREE |         77    1.215065    .6228893        .52        3.5
     HRSOPEN |         79    14.52532    2.951422          8         24

--------------------------------------------------------------------------------------------------
-> STATE = 1

    Variable |        Obs        Mean    Std. dev.       Min        Max
-------------+---------------------------------------------------------
        FTE1 |        326    17.06518    8.727993          3         80
       EMPFT |        326    7.723926     7.96389          0         60
       EMPPT |        328     18.6753    10.20586          0         60
       NMGRS |        326    3.392025    .9972875          1         10
     WAGE_ST |        314    4.612134    .3463505       4.25       5.75
-------------+---------------------------------------------------------
       PSODA |        325    1.061508    .0845789        .85       1.49
        PFRY |        316    .9414873    .1007779        .67       1.27
     PENTREE |        321    1.347882    .6461413        .49       3.95
     HRSOPEN |        331    14.41843    2.779414          7         24


. 
. * 4 Create FTE for Wave 2
. gen FTE2 = EMPFT2 + 0.5*EMPPT2
(13 missing values generated)

. 
. * 5 Summary statistics for Wave 2 (Post-treatment)
. bysort STATE: summarize FTE2 EMPFT2 EMPPT2 NMGRS2 WAGE_ST2 PSODA2 PFRY2 PENTREE2 HRSOPEN2

--------------------------------------------------------------------------------------------------
-> STATE = 0

    Variable |        Obs        Mean    Std. dev.       Min        Max
-------------+---------------------------------------------------------
        FTE2 |         77    17.54221    7.909272          0      38.25
      EMPFT2 |         77    7.564935    8.492005          0         35
      EMPPT2 |         77    19.95455    10.20422          0         48
      NMGRS2 |         78    3.641026    1.289058          0          8
    WAGE_ST2 |         71    4.617465    .3574781       4.25       6.25
-------------+---------------------------------------------------------
      PSODA2 |         77    .9754545     .084348        .41       1.11
       PFRY2 |         73     .859863    .0952991        .69       1.11
    PENTREE2 |         75    1.185467    .5779607        .63       2.64
    HRSOPEN2 |         78    14.65385    2.887847          9         24

--------------------------------------------------------------------------------------------------
-> STATE = 1

    Variable |        Obs        Mean    Std. dev.       Min        Max
-------------+---------------------------------------------------------
        FTE2 |        320    17.57266    8.778737          0       55.5
      EMPFT2 |        321    8.445483    7.844942          0         40
      EMPPT2 |        323    18.37307    10.80736          0         60
      NMGRS2 |        326    3.446319    1.100085          0          8
    WAGE_ST2 |        318    5.080849    .1045445          5       5.75
-------------+---------------------------------------------------------
      PSODA2 |        311    1.062154    .0876845        .84        1.4
       PFRY2 |        309    .9604531    .1035182        .73       1.37
    PENTREE2 |        311    1.394727    .6602745        .41       2.85
    HRSOPEN2 |        321    14.41978    2.721297          8         24


. 
. * 6 t-tests comparing NJ vs. PA
. ttest FTE1, by(STATE)

Two-sample t test with equal variances
------------------------------------------------------------------------------
   Group |     Obs        Mean    Std. err.   Std. dev.   [95% conf. interval]
---------+--------------------------------------------------------------------
       0 |      78    19.94872    1.322493    11.67994     17.3153    22.58214
       1 |     326    17.06518    .4833988    8.727993     16.1142    18.01617
---------+--------------------------------------------------------------------
Combined |     404    17.62191    .4688249    9.423264    16.70026    18.54355
---------+--------------------------------------------------------------------
    diff |            2.883534    1.180528                .5627538    5.204314
------------------------------------------------------------------------------
    diff = mean(0) - mean(1)                                      t =   2.4426
H0: diff = 0                                     Degrees of freedom =      402

    Ha: diff < 0                 Ha: diff != 0                 Ha: diff > 0
 Pr(T < t) = 0.9925         Pr(|T| > |t|) = 0.0150          Pr(T > t) = 0.0075

. ttest FTE2, by(STATE)

Two-sample t test with equal variances
------------------------------------------------------------------------------
   Group |     Obs        Mean    Std. err.   Std. dev.   [95% conf. interval]
---------+--------------------------------------------------------------------
       0 |      77    17.54221    .9013452    7.909272    15.74702    19.33739
       1 |     320    17.57266    .4907463    8.778737    16.60715    18.53816
---------+--------------------------------------------------------------------
Combined |     397    17.56675    .4319923    8.607385    16.71747    18.41604
---------+--------------------------------------------------------------------
    diff |           -.0304485    1.093943               -2.181127     2.12023
------------------------------------------------------------------------------
    diff = mean(0) - mean(1)                                      t =  -0.0278
H0: diff = 0                                     Degrees of freedom =      395

    Ha: diff < 0                 Ha: diff != 0                 Ha: diff > 0
 Pr(T < t) = 0.4889         Pr(|T| > |t|) = 0.9778          Pr(T > t) = 0.5111

. ttest WAGE_ST, by(STATE)

Two-sample t test with equal variances
------------------------------------------------------------------------------
   Group |     Obs        Mean    Std. err.   Std. dev.   [95% conf. interval]
---------+--------------------------------------------------------------------
       0 |      76    4.630132    .0403413    .3516873    4.549768    4.710496
       1 |     314    4.612134    .0195457    .3463505    4.573676    4.650591
---------+--------------------------------------------------------------------
Combined |     390    4.615641    .0175718    .3470151    4.581093    4.650189
---------+--------------------------------------------------------------------
    diff |            .0179978    .0444095               -.0693156    .1053113
------------------------------------------------------------------------------
    diff = mean(0) - mean(1)                                      t =   0.4053
H0: diff = 0                                     Degrees of freedom =      388

    Ha: diff < 0                 Ha: diff != 0                 Ha: diff > 0
 Pr(T < t) = 0.6572         Pr(|T| > |t|) = 0.6855          Pr(T > t) = 0.3428

. ttest WAGE_ST2, by(STATE)

Two-sample t test with equal variances
------------------------------------------------------------------------------
   Group |     Obs        Mean    Std. err.   Std. dev.   [95% conf. interval]
---------+--------------------------------------------------------------------
       0 |      71    4.617465    .0424249    .3574781    4.532851    4.702078
       1 |     318    5.080849    .0058626    .1045445    5.069315    5.092384
---------+--------------------------------------------------------------------
Combined |     389    4.996273    .0128373    .2531905    4.971033    5.021512
---------+--------------------------------------------------------------------
    diff |           -.4633844    .0235051               -.5095982   -.4171707
------------------------------------------------------------------------------
    diff = mean(0) - mean(1)                                      t = -19.7142
H0: diff = 0                                     Degrees of freedom =      387

    Ha: diff < 0                 Ha: diff != 0                 Ha: diff > 0
 Pr(T < t) = 0.0000         Pr(|T| > |t|) = 0.0000          Pr(T > t) = 1.0000

. ttest PSODA2, by(STATE)

Two-sample t test with equal variances
------------------------------------------------------------------------------
   Group |     Obs        Mean    Std. err.   Std. dev.   [95% conf. interval]
---------+--------------------------------------------------------------------
       0 |      77    .9754545    .0096124     .084348    .9563099    .9945992
       1 |     311    1.062154    .0049721    .0876845    1.052371    1.071938
---------+--------------------------------------------------------------------
Combined |     388    1.044948    .0047501     .093567    1.035609    1.054288
---------+--------------------------------------------------------------------
    diff |           -.0866998    .0110789               -.1084824   -.0649172
------------------------------------------------------------------------------
    diff = mean(0) - mean(1)                                      t =  -7.8256
H0: diff = 0                                     Degrees of freedom =      386

    Ha: diff < 0                 Ha: diff != 0                 Ha: diff > 0
 Pr(T < t) = 0.0000         Pr(|T| > |t|) = 0.0000          Pr(T > t) = 1.0000

. ttest PFRY2, by(STATE)

Two-sample t test with equal variances
------------------------------------------------------------------------------
   Group |     Obs        Mean    Std. err.   Std. dev.   [95% conf. interval]
---------+--------------------------------------------------------------------
       0 |      73     .859863    .0111539    .0952991    .8376281    .8820979
       1 |     309    .9604531    .0058889    .1035182    .9488654    .9720407
---------+--------------------------------------------------------------------
Combined |     382    .9412304    .0055925    .1093037    .9302344    .9522263
---------+--------------------------------------------------------------------
    diff |           -.1005901    .0132752               -.1266921    -.074488
------------------------------------------------------------------------------
    diff = mean(0) - mean(1)                                      t =  -7.5773
H0: diff = 0                                     Degrees of freedom =      380

    Ha: diff < 0                 Ha: diff != 0                 Ha: diff > 0
 Pr(T < t) = 0.0000         Pr(|T| > |t|) = 0.0000          Pr(T > t) = 1.0000

. ttest PENTREE2, by(STATE)

Two-sample t test with equal variances
------------------------------------------------------------------------------
   Group |     Obs        Mean    Std. err.   Std. dev.   [95% conf. interval]
---------+--------------------------------------------------------------------
       0 |      75    1.185467    .0667372    .5779607     1.05249    1.318443
       1 |     311    1.394727    .0374407    .6602745    1.321057    1.468397
---------+--------------------------------------------------------------------
Combined |     386    1.354067     .033069    .6497019    1.289049    1.419086
---------+--------------------------------------------------------------------
    diff |             -.20926    .0830036               -.3724584   -.0460616
------------------------------------------------------------------------------
    diff = mean(0) - mean(1)                                      t =  -2.5211
H0: diff = 0                                     Degrees of freedom =      384

    Ha: diff < 0                 Ha: diff != 0                 Ha: diff > 0
 Pr(T < t) = 0.0061         Pr(|T| > |t|) = 0.0121          Pr(T > t) = 0.9939

. 
. *------------------------------------------------------------*
. * d)Figure 1: Distribution of Starting Wage Rates (CK 1994)
. *------------------------------------------------------------*
. 
. * bar color black-and-white
. set scheme s2mono

. 
. * Bin settings to match the paper's x-axis: 4.25 to ~5.55 in $0.10 steps
. local start 4.25

. local width 0.10

. 
. *----------------------------*
. * Panel A: February 1992
. *----------------------------*
. twoway ///
>  (histogram WAGE_ST if STATE==1 & !missing(WAGE_ST), ///
>      start(`start') width(`width') percent ///
>      fcolor(black%60) lcolor(black)) ///
>  (histogram WAGE_ST if STATE==0 & !missing(WAGE_ST), ///
>      start(`start') width(`width') percent ///
>      fcolor(none) lcolor(black) lpattern(dash)), ///
>  legend(order(1 "New Jersey" 2 "Pennsylvania") pos(11) ring(0) cols(1)) ///
>  title("February 1992") ///
>  ytitle("Percent of Stores") xtitle("Wage Range") ///
>  graphregion(color(white)) plotregion(margin(zero))

. 
. graph save "fig_wave1.gph", replace
file fig_wave1.gph saved

. graph export "fig_wave1.png", replace
file /Users/yuanhaining/Desktop/fig_wave1.png saved as PNG format

. 
. *----------------------------*
. * Panel B: November 1992
. *----------------------------*
. twoway ///
>  (histogram WAGE_ST2 if STATE==1 & !missing(WAGE_ST2), ///
>      start(`start') width(`width') percent ///
>      fcolor(black%60) lcolor(black)) ///
>  (histogram WAGE_ST2 if STATE==0 & !missing(WAGE_ST2), ///
>      start(`start') width(`width') percent ///
>      fcolor(none) lcolor(black) lpattern(dash)), ///
>  legend(order(1 "New Jersey" 2 "Pennsylvania") pos(11) ring(0) cols(1)) ///
>  title("November 1992") ///
>  ytitle("Percent of Stores") xtitle("Wage Range") ///
>  graphregion(color(white)) plotregion(margin(zero))

. 
. graph save "fig_wave2.gph", replace
file fig_wave2.gph saved

. graph export "fig_wave2.png", replace
file /Users/yuanhaining/Desktop/fig_wave2.png saved as PNG format

. 
. *----------------------------*
. * Combine vertically (like the paper)
. *----------------------------*
. graph combine "fig_wave1.gph" "fig_wave2.gph", ///
>     col(1) imargin(zero) ///
>     title(
parentheses do not balance
r(198);

end of do-file

r(198);

. do "/var/folders/n6/b63hv83n6kv6klpfspjfc53c0000gn/T//SD16029.000000"

. * --- Q4 setup: load Card & Krueger data ---
. clear all

. set more off

. 
. * Set the working directory
. cd "/Users/yuanhaining/Desktop/"
/Users/yuanhaining/Desktop

. 
. * Load the dataset
.  use cardnj.dta, clear

.  
. * part c:  Table 2 from Card & Krueger (1994)
. * Verify data structure
. describe

Contains data from cardnj.dta
 Observations:           410                  
    Variables:            46                  5 Nov 2021 04:00
--------------------------------------------------------------------------------------------------
Variable      Storage   Display    Value
    name         type    format    label      Variable label
--------------------------------------------------------------------------------------------------
SHEET           float   %9.0g                 sheet number (unique store id)
CHAIN           byte    %8.0g                 chain 1=bk; 2=kfc; 3=roys; 4=wendys
CO_OWNED        byte    %8.0g                 1 if company owned
STATE           byte    %8.0g                 1 if NJ; 0 if Pa
SOUTHJ          byte    %8.0g                 1 if in southern NJ
CENTRALJ        byte    %8.0g                 1 if in central NJ
NORTHJ          byte    %8.0g                 1 if in northern NJ
PA1             byte    %8.0g                 1 if in PA, northeast suburbs of Phila
PA2             byte    %8.0g                 1 if in PA, Easton etc
SHORE           byte    %8.0g                 1 if on NJ shore
NCALLS          float   %9.0g                 number of call-backs*
EMPFT           float   %9.0g                 # full-time employees
EMPPT           float   %9.0g                 # part-time employees
NMGRS           float   %9.0g                 # managers/ass't managers
WAGE_ST         float   %9.0g                 starting wage ($/hr)
INCTIME         float   %9.0g                 months to usual first raise
FIRSTINC        float   %9.0g                 usual amount of first raise ($/hr)
BONUS           byte    %8.0g                 1 if cash bounty for new workers
PCTAFF          float   %9.0g                 % employees affected by new minimum
MEALS           byte    %8.0g                 free/reduced price code (See below)
OPEN            float   %9.0g                 hour of opening
HRSOPEN         float   %9.0g                 number hrs open per day
PSODA           float   %9.0g                 price of medium soda, including tax
PFRY            float   %9.0g                 price of small fries, including tax
PENTREE         float   %9.0g                 price of entree, including tax
NREGS           float   %9.0g                 number of cash registers in store
NREGS11         float   %9.0g                 number of registers open at 11:00 am
TYPE2           byte    %8.0g                 type 2nd interview 1=phone; 2=personal
STATUS2         byte    %8.0g                 status of second interview: see below
DATE2           float   %td                   date of second interview MMDDYY format
NCALLS2         float   %9.0g                 number of call-backs*
EMPFT2          float   %9.0g                 # full-time employees
EMPPT2          float   %9.0g                 # part-time employees
NMGRS2          float   %9.0g                 # managers/ass't managers
WAGE_ST2        float   %9.0g                 starting wage ($/hr)
INCTIME2        float   %9.0g                 months to usual first raise
FIRSTIN2        float   %9.0g                 usual amount of first raise ($/hr)
SPECIAL2        byte    %8.0g                 1 if special program for new workers
MEALS2          byte    %8.0g                 free/reduced price code (See below)
OPEN2R          float   %9.0g                 hour of opening
HRSOPEN2        float   %9.0g                 number hrs open per day
PSODA2          float   %9.0g                 price of medium soda, including tax
PFRY2           float   %9.0g                 price of small fries, including tax
PENTREE2        float   %9.0g                 price of entree, including tax
NREGS2          float   %9.0g                 number of cash registers in store
NREGS112        float   %9.0g                 number of registers open at 11:00 am
--------------------------------------------------------------------------------------------------
Sorted by: 

. * ️1 Distribution of store types (Burger King, KFC, Roy Rogers, Wendy's)
. tab CHAIN STATE, col

+-------------------+
| Key               |
|-------------------|
|     frequency     |
| column percentage |
+-------------------+

     chain |
     1=bk; |
    2=kfc; |
   3=roys; |   1 if NJ; 0 if Pa
  4=wendys |         0          1 |     Total
-----------+----------------------+----------
         1 |        35        136 |       171 
           |     44.30      41.09 |     41.71 
-----------+----------------------+----------
         2 |        12         68 |        80 
           |     15.19      20.54 |     19.51 
-----------+----------------------+----------
         3 |        17         82 |        99 
           |     21.52      24.77 |     24.15 
-----------+----------------------+----------
         4 |        15         45 |        60 
           |     18.99      13.60 |     14.63 
-----------+----------------------+----------
     Total |        79        331 |       410 
           |    100.00     100.00 |    100.00 

. 
. * 2 Create full-time-equivalent (FTE) employment for Wave 1
. gen FTE1 = EMPFT + 0.5*EMPPT
(6 missing values generated)

. 
. * 3 Calculate summary statistics for Wave 1 (Pre-treatment)
. bysort STATE: summarize FTE1 EMPFT EMPPT NMGRS WAGE_ST PSODA PFRY PENTREE HRSOPEN

--------------------------------------------------------------------------------------------------
-> STATE = 0

    Variable |        Obs        Mean    Std. dev.       Min        Max
-------------+---------------------------------------------------------
        FTE1 |         78    19.94872    11.67994        4.5       67.5
       EMPFT |         78    10.20513    10.77589          0         50
       EMPPT |         78    19.48718    9.577427          2         55
       NMGRS |         78    3.538462    1.101266          1          7
     WAGE_ST |         76    4.630132    .3516873       4.25        5.5
-------------+---------------------------------------------------------
       PSODA |         77    .9746753    .0694827        .73       1.13
        PFRY |         77     .841948      .08751        .69       1.05
     PENTREE |         77    1.215065    .6228893        .52        3.5
     HRSOPEN |         79    14.52532    2.951422          8         24

--------------------------------------------------------------------------------------------------
-> STATE = 1

    Variable |        Obs        Mean    Std. dev.       Min        Max
-------------+---------------------------------------------------------
        FTE1 |        326    17.06518    8.727993          3         80
       EMPFT |        326    7.723926     7.96389          0         60
       EMPPT |        328     18.6753    10.20586          0         60
       NMGRS |        326    3.392025    .9972875          1         10
     WAGE_ST |        314    4.612134    .3463505       4.25       5.75
-------------+---------------------------------------------------------
       PSODA |        325    1.061508    .0845789        .85       1.49
        PFRY |        316    .9414873    .1007779        .67       1.27
     PENTREE |        321    1.347882    .6461413        .49       3.95
     HRSOPEN |        331    14.41843    2.779414          7         24


. 
. * 4 Create FTE for Wave 2
. gen FTE2 = EMPFT2 + 0.5*EMPPT2
(13 missing values generated)

. 
. * 5 Summary statistics for Wave 2 (Post-treatment)
. bysort STATE: summarize FTE2 EMPFT2 EMPPT2 NMGRS2 WAGE_ST2 PSODA2 PFRY2 PENTREE2 HRSOPEN2

--------------------------------------------------------------------------------------------------
-> STATE = 0

    Variable |        Obs        Mean    Std. dev.       Min        Max
-------------+---------------------------------------------------------
        FTE2 |         77    17.54221    7.909272          0      38.25
      EMPFT2 |         77    7.564935    8.492005          0         35
      EMPPT2 |         77    19.95455    10.20422          0         48
      NMGRS2 |         78    3.641026    1.289058          0          8
    WAGE_ST2 |         71    4.617465    .3574781       4.25       6.25
-------------+---------------------------------------------------------
      PSODA2 |         77    .9754545     .084348        .41       1.11
       PFRY2 |         73     .859863    .0952991        .69       1.11
    PENTREE2 |         75    1.185467    .5779607        .63       2.64
    HRSOPEN2 |         78    14.65385    2.887847          9         24

--------------------------------------------------------------------------------------------------
-> STATE = 1

    Variable |        Obs        Mean    Std. dev.       Min        Max
-------------+---------------------------------------------------------
        FTE2 |        320    17.57266    8.778737          0       55.5
      EMPFT2 |        321    8.445483    7.844942          0         40
      EMPPT2 |        323    18.37307    10.80736          0         60
      NMGRS2 |        326    3.446319    1.100085          0          8
    WAGE_ST2 |        318    5.080849    .1045445          5       5.75
-------------+---------------------------------------------------------
      PSODA2 |        311    1.062154    .0876845        .84        1.4
       PFRY2 |        309    .9604531    .1035182        .73       1.37
    PENTREE2 |        311    1.394727    .6602745        .41       2.85
    HRSOPEN2 |        321    14.41978    2.721297          8         24


. 
. * 6 t-tests comparing NJ vs. PA
. ttest FTE1, by(STATE)

Two-sample t test with equal variances
------------------------------------------------------------------------------
   Group |     Obs        Mean    Std. err.   Std. dev.   [95% conf. interval]
---------+--------------------------------------------------------------------
       0 |      78    19.94872    1.322493    11.67994     17.3153    22.58214
       1 |     326    17.06518    .4833988    8.727993     16.1142    18.01617
---------+--------------------------------------------------------------------
Combined |     404    17.62191    .4688249    9.423264    16.70026    18.54355
---------+--------------------------------------------------------------------
    diff |            2.883534    1.180528                .5627538    5.204314
------------------------------------------------------------------------------
    diff = mean(0) - mean(1)                                      t =   2.4426
H0: diff = 0                                     Degrees of freedom =      402

    Ha: diff < 0                 Ha: diff != 0                 Ha: diff > 0
 Pr(T < t) = 0.9925         Pr(|T| > |t|) = 0.0150          Pr(T > t) = 0.0075

. ttest FTE2, by(STATE)

Two-sample t test with equal variances
------------------------------------------------------------------------------
   Group |     Obs        Mean    Std. err.   Std. dev.   [95% conf. interval]
---------+--------------------------------------------------------------------
       0 |      77    17.54221    .9013452    7.909272    15.74702    19.33739
       1 |     320    17.57266    .4907463    8.778737    16.60715    18.53816
---------+--------------------------------------------------------------------
Combined |     397    17.56675    .4319923    8.607385    16.71747    18.41604
---------+--------------------------------------------------------------------
    diff |           -.0304485    1.093943               -2.181127     2.12023
------------------------------------------------------------------------------
    diff = mean(0) - mean(1)                                      t =  -0.0278
H0: diff = 0                                     Degrees of freedom =      395

    Ha: diff < 0                 Ha: diff != 0                 Ha: diff > 0
 Pr(T < t) = 0.4889         Pr(|T| > |t|) = 0.9778          Pr(T > t) = 0.5111

. ttest WAGE_ST, by(STATE)

Two-sample t test with equal variances
------------------------------------------------------------------------------
   Group |     Obs        Mean    Std. err.   Std. dev.   [95% conf. interval]
---------+--------------------------------------------------------------------
       0 |      76    4.630132    .0403413    .3516873    4.549768    4.710496
       1 |     314    4.612134    .0195457    .3463505    4.573676    4.650591
---------+--------------------------------------------------------------------
Combined |     390    4.615641    .0175718    .3470151    4.581093    4.650189
---------+--------------------------------------------------------------------
    diff |            .0179978    .0444095               -.0693156    .1053113
------------------------------------------------------------------------------
    diff = mean(0) - mean(1)                                      t =   0.4053
H0: diff = 0                                     Degrees of freedom =      388

    Ha: diff < 0                 Ha: diff != 0                 Ha: diff > 0
 Pr(T < t) = 0.6572         Pr(|T| > |t|) = 0.6855          Pr(T > t) = 0.3428

. ttest WAGE_ST2, by(STATE)

Two-sample t test with equal variances
------------------------------------------------------------------------------
   Group |     Obs        Mean    Std. err.   Std. dev.   [95% conf. interval]
---------+--------------------------------------------------------------------
       0 |      71    4.617465    .0424249    .3574781    4.532851    4.702078
       1 |     318    5.080849    .0058626    .1045445    5.069315    5.092384
---------+--------------------------------------------------------------------
Combined |     389    4.996273    .0128373    .2531905    4.971033    5.021512
---------+--------------------------------------------------------------------
    diff |           -.4633844    .0235051               -.5095982   -.4171707
------------------------------------------------------------------------------
    diff = mean(0) - mean(1)                                      t = -19.7142
H0: diff = 0                                     Degrees of freedom =      387

    Ha: diff < 0                 Ha: diff != 0                 Ha: diff > 0
 Pr(T < t) = 0.0000         Pr(|T| > |t|) = 0.0000          Pr(T > t) = 1.0000

. ttest PSODA2, by(STATE)

Two-sample t test with equal variances
------------------------------------------------------------------------------
   Group |     Obs        Mean    Std. err.   Std. dev.   [95% conf. interval]
---------+--------------------------------------------------------------------
       0 |      77    .9754545    .0096124     .084348    .9563099    .9945992
       1 |     311    1.062154    .0049721    .0876845    1.052371    1.071938
---------+--------------------------------------------------------------------
Combined |     388    1.044948    .0047501     .093567    1.035609    1.054288
---------+--------------------------------------------------------------------
    diff |           -.0866998    .0110789               -.1084824   -.0649172
------------------------------------------------------------------------------
    diff = mean(0) - mean(1)                                      t =  -7.8256
H0: diff = 0                                     Degrees of freedom =      386

    Ha: diff < 0                 Ha: diff != 0                 Ha: diff > 0
 Pr(T < t) = 0.0000         Pr(|T| > |t|) = 0.0000          Pr(T > t) = 1.0000

. ttest PFRY2, by(STATE)

Two-sample t test with equal variances
------------------------------------------------------------------------------
   Group |     Obs        Mean    Std. err.   Std. dev.   [95% conf. interval]
---------+--------------------------------------------------------------------
       0 |      73     .859863    .0111539    .0952991    .8376281    .8820979
       1 |     309    .9604531    .0058889    .1035182    .9488654    .9720407
---------+--------------------------------------------------------------------
Combined |     382    .9412304    .0055925    .1093037    .9302344    .9522263
---------+--------------------------------------------------------------------
    diff |           -.1005901    .0132752               -.1266921    -.074488
------------------------------------------------------------------------------
    diff = mean(0) - mean(1)                                      t =  -7.5773
H0: diff = 0                                     Degrees of freedom =      380

    Ha: diff < 0                 Ha: diff != 0                 Ha: diff > 0
 Pr(T < t) = 0.0000         Pr(|T| > |t|) = 0.0000          Pr(T > t) = 1.0000

. ttest PENTREE2, by(STATE)

Two-sample t test with equal variances
------------------------------------------------------------------------------
   Group |     Obs        Mean    Std. err.   Std. dev.   [95% conf. interval]
---------+--------------------------------------------------------------------
       0 |      75    1.185467    .0667372    .5779607     1.05249    1.318443
       1 |     311    1.394727    .0374407    .6602745    1.321057    1.468397
---------+--------------------------------------------------------------------
Combined |     386    1.354067     .033069    .6497019    1.289049    1.419086
---------+--------------------------------------------------------------------
    diff |             -.20926    .0830036               -.3724584   -.0460616
------------------------------------------------------------------------------
    diff = mean(0) - mean(1)                                      t =  -2.5211
H0: diff = 0                                     Degrees of freedom =      384

    Ha: diff < 0                 Ha: diff != 0                 Ha: diff > 0
 Pr(T < t) = 0.0061         Pr(|T| > |t|) = 0.0121          Pr(T > t) = 0.9939

. 
. *------------------------------------------------------------*
. * d)Figure 1: Distribution of Starting Wage Rates (CK 1994)
. *------------------------------------------------------------*
. 
. * bar color black-and-white
. set scheme s2mono

. 
. * Bin settings to match the paper's x-axis: 4.25 to ~5.55 in $0.10 steps
. local start 4.25

. local width 0.10

. 
. *----------------------------*
. * Panel A: February 1992
. *----------------------------*
. twoway ///
>  (histogram WAGE_ST if STATE==1 & !missing(WAGE_ST), ///
>      start(`start') width(`width') percent ///
>      fcolor(black%60) lcolor(black)) ///
>  (histogram WAGE_ST if STATE==0 & !missing(WAGE_ST), ///
>      start(`start') width(`width') percent ///
>      fcolor(none) lcolor(black) lpattern(dash)), ///
>  legend(order(1 "New Jersey" 2 "Pennsylvania") pos(11) ring(0) cols(1)) ///
>  title("February 1992") ///
>  ytitle("Percent of Stores") xtitle("Wage Range") ///
>  graphregion(color(white)) plotregion(margin(zero))

. 
. graph save "fig_wave1.gph", replace
file fig_wave1.gph saved

. graph export "fig_wave1.png", replace
file /Users/yuanhaining/Desktop/fig_wave1.png saved as PNG format

. 
. *----------------------------*
. * Panel B: November 1992
. *----------------------------*
. twoway ///
>  (histogram WAGE_ST2 if STATE==1 & !missing(WAGE_ST2), ///
>      start(`start') width(`width') percent ///
>      fcolor(black%60) lcolor(black)) ///
>  (histogram WAGE_ST2 if STATE==0 & !missing(WAGE_ST2), ///
>      start(`start') width(`width') percent ///
>      fcolor(none) lcolor(black) lpattern(dash)), ///
>  legend(order(1 "New Jersey" 2 "Pennsylvania") pos(11) ring(0) cols(1)) ///
>  title("November 1992") ///
>  ytitle("Percent of Stores") xtitle("Wage Range") ///
>  graphregion(color(white)) plotregion(margin(zero))

. 
. graph save "fig_wave2.gph", replace
file fig_wave2.gph saved

. graph export "fig_wave2.png", replace
file /Users/yuanhaining/Desktop/fig_wave2.png saved as PNG format

. 
. *----------------------------*
. * Combine vertically (like the paper)
. *----------------------------*
. graph combine "fig_wave1.gph" "fig_wave2.gph", ///
>     col(1) imargin(zero) ///
>     title(
parentheses do not balance
r(198);

end of do-file

r(198);

. do "/var/folders/n6/b63hv83n6kv6klpfspjfc53c0000gn/T//SD16029.000000"

. * --- Q4 setup: load Card & Krueger data ---
. clear all

. set more off

. 
. * Set the working directory
. cd "/Users/yuanhaining/Desktop/"
/Users/yuanhaining/Desktop

. 
. * Load the dataset
.  use cardnj.dta, clear

.  
. * part c:  Table 2 from Card & Krueger (1994)
. * Verify data structure
. describe

Contains data from cardnj.dta
 Observations:           410                  
    Variables:            46                  5 Nov 2021 04:00
--------------------------------------------------------------------------------------------------
Variable      Storage   Display    Value
    name         type    format    label      Variable label
--------------------------------------------------------------------------------------------------
SHEET           float   %9.0g                 sheet number (unique store id)
CHAIN           byte    %8.0g                 chain 1=bk; 2=kfc; 3=roys; 4=wendys
CO_OWNED        byte    %8.0g                 1 if company owned
STATE           byte    %8.0g                 1 if NJ; 0 if Pa
SOUTHJ          byte    %8.0g                 1 if in southern NJ
CENTRALJ        byte    %8.0g                 1 if in central NJ
NORTHJ          byte    %8.0g                 1 if in northern NJ
PA1             byte    %8.0g                 1 if in PA, northeast suburbs of Phila
PA2             byte    %8.0g                 1 if in PA, Easton etc
SHORE           byte    %8.0g                 1 if on NJ shore
NCALLS          float   %9.0g                 number of call-backs*
EMPFT           float   %9.0g                 # full-time employees
EMPPT           float   %9.0g                 # part-time employees
NMGRS           float   %9.0g                 # managers/ass't managers
WAGE_ST         float   %9.0g                 starting wage ($/hr)
INCTIME         float   %9.0g                 months to usual first raise
FIRSTINC        float   %9.0g                 usual amount of first raise ($/hr)
BONUS           byte    %8.0g                 1 if cash bounty for new workers
PCTAFF          float   %9.0g                 % employees affected by new minimum
MEALS           byte    %8.0g                 free/reduced price code (See below)
OPEN            float   %9.0g                 hour of opening
HRSOPEN         float   %9.0g                 number hrs open per day
PSODA           float   %9.0g                 price of medium soda, including tax
PFRY            float   %9.0g                 price of small fries, including tax
PENTREE         float   %9.0g                 price of entree, including tax
NREGS           float   %9.0g                 number of cash registers in store
NREGS11         float   %9.0g                 number of registers open at 11:00 am
TYPE2           byte    %8.0g                 type 2nd interview 1=phone; 2=personal
STATUS2         byte    %8.0g                 status of second interview: see below
DATE2           float   %td                   date of second interview MMDDYY format
NCALLS2         float   %9.0g                 number of call-backs*
EMPFT2          float   %9.0g                 # full-time employees
EMPPT2          float   %9.0g                 # part-time employees
NMGRS2          float   %9.0g                 # managers/ass't managers
WAGE_ST2        float   %9.0g                 starting wage ($/hr)
INCTIME2        float   %9.0g                 months to usual first raise
FIRSTIN2        float   %9.0g                 usual amount of first raise ($/hr)
SPECIAL2        byte    %8.0g                 1 if special program for new workers
MEALS2          byte    %8.0g                 free/reduced price code (See below)
OPEN2R          float   %9.0g                 hour of opening
HRSOPEN2        float   %9.0g                 number hrs open per day
PSODA2          float   %9.0g                 price of medium soda, including tax
PFRY2           float   %9.0g                 price of small fries, including tax
PENTREE2        float   %9.0g                 price of entree, including tax
NREGS2          float   %9.0g                 number of cash registers in store
NREGS112        float   %9.0g                 number of registers open at 11:00 am
--------------------------------------------------------------------------------------------------
Sorted by: 

. * ️1 Distribution of store types (Burger King, KFC, Roy Rogers, Wendy's)
. tab CHAIN STATE, col

+-------------------+
| Key               |
|-------------------|
|     frequency     |
| column percentage |
+-------------------+

     chain |
     1=bk; |
    2=kfc; |
   3=roys; |   1 if NJ; 0 if Pa
  4=wendys |         0          1 |     Total
-----------+----------------------+----------
         1 |        35        136 |       171 
           |     44.30      41.09 |     41.71 
-----------+----------------------+----------
         2 |        12         68 |        80 
           |     15.19      20.54 |     19.51 
-----------+----------------------+----------
         3 |        17         82 |        99 
           |     21.52      24.77 |     24.15 
-----------+----------------------+----------
         4 |        15         45 |        60 
           |     18.99      13.60 |     14.63 
-----------+----------------------+----------
     Total |        79        331 |       410 
           |    100.00     100.00 |    100.00 

. 
. * 2 Create full-time-equivalent (FTE) employment for Wave 1
. gen FTE1 = EMPFT + 0.5*EMPPT
(6 missing values generated)

. 
. * 3 Calculate summary statistics for Wave 1 (Pre-treatment)
. bysort STATE: summarize FTE1 EMPFT EMPPT NMGRS WAGE_ST PSODA PFRY PENTREE HRSOPEN

--------------------------------------------------------------------------------------------------
-> STATE = 0

    Variable |        Obs        Mean    Std. dev.       Min        Max
-------------+---------------------------------------------------------
        FTE1 |         78    19.94872    11.67994        4.5       67.5
       EMPFT |         78    10.20513    10.77589          0         50
       EMPPT |         78    19.48718    9.577427          2         55
       NMGRS |         78    3.538462    1.101266          1          7
     WAGE_ST |         76    4.630132    .3516873       4.25        5.5
-------------+---------------------------------------------------------
       PSODA |         77    .9746753    .0694827        .73       1.13
        PFRY |         77     .841948      .08751        .69       1.05
     PENTREE |         77    1.215065    .6228893        .52        3.5
     HRSOPEN |         79    14.52532    2.951422          8         24

--------------------------------------------------------------------------------------------------
-> STATE = 1

    Variable |        Obs        Mean    Std. dev.       Min        Max
-------------+---------------------------------------------------------
        FTE1 |        326    17.06518    8.727993          3         80
       EMPFT |        326    7.723926     7.96389          0         60
       EMPPT |        328     18.6753    10.20586          0         60
       NMGRS |        326    3.392025    .9972875          1         10
     WAGE_ST |        314    4.612134    .3463505       4.25       5.75
-------------+---------------------------------------------------------
       PSODA |        325    1.061508    .0845789        .85       1.49
        PFRY |        316    .9414873    .1007779        .67       1.27
     PENTREE |        321    1.347882    .6461413        .49       3.95
     HRSOPEN |        331    14.41843    2.779414          7         24


. 
. * 4 Create FTE for Wave 2
. gen FTE2 = EMPFT2 + 0.5*EMPPT2
(13 missing values generated)

. 
. * 5 Summary statistics for Wave 2 (Post-treatment)
. bysort STATE: summarize FTE2 EMPFT2 EMPPT2 NMGRS2 WAGE_ST2 PSODA2 PFRY2 PENTREE2 HRSOPEN2

--------------------------------------------------------------------------------------------------
-> STATE = 0

    Variable |        Obs        Mean    Std. dev.       Min        Max
-------------+---------------------------------------------------------
        FTE2 |         77    17.54221    7.909272          0      38.25
      EMPFT2 |         77    7.564935    8.492005          0         35
      EMPPT2 |         77    19.95455    10.20422          0         48
      NMGRS2 |         78    3.641026    1.289058          0          8
    WAGE_ST2 |         71    4.617465    .3574781       4.25       6.25
-------------+---------------------------------------------------------
      PSODA2 |         77    .9754545     .084348        .41       1.11
       PFRY2 |         73     .859863    .0952991        .69       1.11
    PENTREE2 |         75    1.185467    .5779607        .63       2.64
    HRSOPEN2 |         78    14.65385    2.887847          9         24

--------------------------------------------------------------------------------------------------
-> STATE = 1

    Variable |        Obs        Mean    Std. dev.       Min        Max
-------------+---------------------------------------------------------
        FTE2 |        320    17.57266    8.778737          0       55.5
      EMPFT2 |        321    8.445483    7.844942          0         40
      EMPPT2 |        323    18.37307    10.80736          0         60
      NMGRS2 |        326    3.446319    1.100085          0          8
    WAGE_ST2 |        318    5.080849    .1045445          5       5.75
-------------+---------------------------------------------------------
      PSODA2 |        311    1.062154    .0876845        .84        1.4
       PFRY2 |        309    .9604531    .1035182        .73       1.37
    PENTREE2 |        311    1.394727    .6602745        .41       2.85
    HRSOPEN2 |        321    14.41978    2.721297          8         24


. 
. * 6 t-tests comparing NJ vs. PA
. ttest FTE1, by(STATE)

Two-sample t test with equal variances
------------------------------------------------------------------------------
   Group |     Obs        Mean    Std. err.   Std. dev.   [95% conf. interval]
---------+--------------------------------------------------------------------
       0 |      78    19.94872    1.322493    11.67994     17.3153    22.58214
       1 |     326    17.06518    .4833988    8.727993     16.1142    18.01617
---------+--------------------------------------------------------------------
Combined |     404    17.62191    .4688249    9.423264    16.70026    18.54355
---------+--------------------------------------------------------------------
    diff |            2.883534    1.180528                .5627538    5.204314
------------------------------------------------------------------------------
    diff = mean(0) - mean(1)                                      t =   2.4426
H0: diff = 0                                     Degrees of freedom =      402

    Ha: diff < 0                 Ha: diff != 0                 Ha: diff > 0
 Pr(T < t) = 0.9925         Pr(|T| > |t|) = 0.0150          Pr(T > t) = 0.0075

. ttest FTE2, by(STATE)

Two-sample t test with equal variances
------------------------------------------------------------------------------
   Group |     Obs        Mean    Std. err.   Std. dev.   [95% conf. interval]
---------+--------------------------------------------------------------------
       0 |      77    17.54221    .9013452    7.909272    15.74702    19.33739
       1 |     320    17.57266    .4907463    8.778737    16.60715    18.53816
---------+--------------------------------------------------------------------
Combined |     397    17.56675    .4319923    8.607385    16.71747    18.41604
---------+--------------------------------------------------------------------
    diff |           -.0304485    1.093943               -2.181127     2.12023
------------------------------------------------------------------------------
    diff = mean(0) - mean(1)                                      t =  -0.0278
H0: diff = 0                                     Degrees of freedom =      395

    Ha: diff < 0                 Ha: diff != 0                 Ha: diff > 0
 Pr(T < t) = 0.4889         Pr(|T| > |t|) = 0.9778          Pr(T > t) = 0.5111

. ttest WAGE_ST, by(STATE)

Two-sample t test with equal variances
------------------------------------------------------------------------------
   Group |     Obs        Mean    Std. err.   Std. dev.   [95% conf. interval]
---------+--------------------------------------------------------------------
       0 |      76    4.630132    .0403413    .3516873    4.549768    4.710496
       1 |     314    4.612134    .0195457    .3463505    4.573676    4.650591
---------+--------------------------------------------------------------------
Combined |     390    4.615641    .0175718    .3470151    4.581093    4.650189
---------+--------------------------------------------------------------------
    diff |            .0179978    .0444095               -.0693156    .1053113
------------------------------------------------------------------------------
    diff = mean(0) - mean(1)                                      t =   0.4053
H0: diff = 0                                     Degrees of freedom =      388

    Ha: diff < 0                 Ha: diff != 0                 Ha: diff > 0
 Pr(T < t) = 0.6572         Pr(|T| > |t|) = 0.6855          Pr(T > t) = 0.3428

. ttest WAGE_ST2, by(STATE)

Two-sample t test with equal variances
------------------------------------------------------------------------------
   Group |     Obs        Mean    Std. err.   Std. dev.   [95% conf. interval]
---------+--------------------------------------------------------------------
       0 |      71    4.617465    .0424249    .3574781    4.532851    4.702078
       1 |     318    5.080849    .0058626    .1045445    5.069315    5.092384
---------+--------------------------------------------------------------------
Combined |     389    4.996273    .0128373    .2531905    4.971033    5.021512
---------+--------------------------------------------------------------------
    diff |           -.4633844    .0235051               -.5095982   -.4171707
------------------------------------------------------------------------------
    diff = mean(0) - mean(1)                                      t = -19.7142
H0: diff = 0                                     Degrees of freedom =      387

    Ha: diff < 0                 Ha: diff != 0                 Ha: diff > 0
 Pr(T < t) = 0.0000         Pr(|T| > |t|) = 0.0000          Pr(T > t) = 1.0000

. ttest PSODA2, by(STATE)

Two-sample t test with equal variances
------------------------------------------------------------------------------
   Group |     Obs        Mean    Std. err.   Std. dev.   [95% conf. interval]
---------+--------------------------------------------------------------------
       0 |      77    .9754545    .0096124     .084348    .9563099    .9945992
       1 |     311    1.062154    .0049721    .0876845    1.052371    1.071938
---------+--------------------------------------------------------------------
Combined |     388    1.044948    .0047501     .093567    1.035609    1.054288
---------+--------------------------------------------------------------------
    diff |           -.0866998    .0110789               -.1084824   -.0649172
------------------------------------------------------------------------------
    diff = mean(0) - mean(1)                                      t =  -7.8256
H0: diff = 0                                     Degrees of freedom =      386

    Ha: diff < 0                 Ha: diff != 0                 Ha: diff > 0
 Pr(T < t) = 0.0000         Pr(|T| > |t|) = 0.0000          Pr(T > t) = 1.0000

. ttest PFRY2, by(STATE)

Two-sample t test with equal variances
------------------------------------------------------------------------------
   Group |     Obs        Mean    Std. err.   Std. dev.   [95% conf. interval]
---------+--------------------------------------------------------------------
       0 |      73     .859863    .0111539    .0952991    .8376281    .8820979
       1 |     309    .9604531    .0058889    .1035182    .9488654    .9720407
---------+--------------------------------------------------------------------
Combined |     382    .9412304    .0055925    .1093037    .9302344    .9522263
---------+--------------------------------------------------------------------
    diff |           -.1005901    .0132752               -.1266921    -.074488
------------------------------------------------------------------------------
    diff = mean(0) - mean(1)                                      t =  -7.5773
H0: diff = 0                                     Degrees of freedom =      380

    Ha: diff < 0                 Ha: diff != 0                 Ha: diff > 0
 Pr(T < t) = 0.0000         Pr(|T| > |t|) = 0.0000          Pr(T > t) = 1.0000

. ttest PENTREE2, by(STATE)

Two-sample t test with equal variances
------------------------------------------------------------------------------
   Group |     Obs        Mean    Std. err.   Std. dev.   [95% conf. interval]
---------+--------------------------------------------------------------------
       0 |      75    1.185467    .0667372    .5779607     1.05249    1.318443
       1 |     311    1.394727    .0374407    .6602745    1.321057    1.468397
---------+--------------------------------------------------------------------
Combined |     386    1.354067     .033069    .6497019    1.289049    1.419086
---------+--------------------------------------------------------------------
    diff |             -.20926    .0830036               -.3724584   -.0460616
------------------------------------------------------------------------------
    diff = mean(0) - mean(1)                                      t =  -2.5211
H0: diff = 0                                     Degrees of freedom =      384

    Ha: diff < 0                 Ha: diff != 0                 Ha: diff > 0
 Pr(T < t) = 0.0061         Pr(|T| > |t|) = 0.0121          Pr(T > t) = 0.9939

. 
. *------------------------------------------------------------*
. * d)Figure 1: Distribution of Starting Wage Rates (CK 1994)
. *------------------------------------------------------------*
. 
. * bar color black-and-white
. set scheme s2mono

. 
. * Bin settings to match the paper's x-axis: 4.25 to ~5.55 in $0.10 steps
. local start 4.25

. local width 0.10

. 
. *----------------------------*
. * Panel A: February 1992
. *----------------------------*
. twoway ///
>  (histogram WAGE_ST if STATE==1 & !missing(WAGE_ST), ///
>      start(`start') width(`width') percent ///
>      fcolor(black%60) lcolor(black)) ///
>  (histogram WAGE_ST if STATE==0 & !missing(WAGE_ST), ///
>      start(`start') width(`width') percent ///
>      fcolor(none) lcolor(black) lpattern(dash)), ///
>  legend(order(1 "New Jersey" 2 "Pennsylvania") pos(11) ring(0) cols(1)) ///
>  title("February 1992") ///
>  ytitle("Percent of Stores") xtitle("Wage Range") ///
>  graphregion(color(white)) plotregion(margin(zero))

. 
. graph save "fig_wave1.gph", replace
file fig_wave1.gph saved

. graph export "fig_wave1.png", replace
file /Users/yuanhaining/Desktop/fig_wave1.png saved as PNG format

. 
. *----------------------------*
. * Panel B: November 1992
. *----------------------------*
. twoway ///
>  (histogram WAGE_ST2 if STATE==1 & !missing(WAGE_ST2), ///
>      start(`start') width(`width') percent ///
>      fcolor(black%60) lcolor(black)) ///
>  (histogram WAGE_ST2 if STATE==0 & !missing(WAGE_ST2), ///
>      start(`start') width(`width') percent ///
>      fcolor(none) lcolor(black) lpattern(dash)), ///
>  legend(order(1 "New Jersey" 2 "Pennsylvania") pos(11) ring(0) cols(1)) ///
>  title("November 1992") ///
>  ytitle("Percent of Stores") xtitle("Wage Range") ///
>  graphregion(color(white)) plotregion(margin(zero))

. 
. graph save "fig_wave2.gph", replace
file fig_wave2.gph saved

. graph export "fig_wave2.png", replace
file /Users/yuanhaining/Desktop/fig_wave2.png saved as PNG format

. 
. *----------------------------*
. * Combine vertically (like the paper)
. *----------------------------*
. graph combine "fig_wave1.gph" "fig_wave2.gph", ///
>     col(1) imargin(zero) ///
>     title(
parentheses do not balance
r(198);

end of do-file

r(198);

. do "/var/folders/n6/b63hv83n6kv6klpfspjfc53c0000gn/T//SD16029.000000"

. * --- Q4 setup: load Card & Krueger data ---
. clear all

. set more off

. 
. * Set the working directory
. cd "/Users/yuanhaining/Desktop/"
/Users/yuanhaining/Desktop

. 
. * Load the dataset
.  use cardnj.dta, clear

.  
. * part c:  Table 2 from Card & Krueger (1994)
. * Verify data structure
. describe

Contains data from cardnj.dta
 Observations:           410                  
    Variables:            46                  5 Nov 2021 04:00
--------------------------------------------------------------------------------------------------
Variable      Storage   Display    Value
    name         type    format    label      Variable label
--------------------------------------------------------------------------------------------------
SHEET           float   %9.0g                 sheet number (unique store id)
CHAIN           byte    %8.0g                 chain 1=bk; 2=kfc; 3=roys; 4=wendys
CO_OWNED        byte    %8.0g                 1 if company owned
STATE           byte    %8.0g                 1 if NJ; 0 if Pa
SOUTHJ          byte    %8.0g                 1 if in southern NJ
CENTRALJ        byte    %8.0g                 1 if in central NJ
NORTHJ          byte    %8.0g                 1 if in northern NJ
PA1             byte    %8.0g                 1 if in PA, northeast suburbs of Phila
PA2             byte    %8.0g                 1 if in PA, Easton etc
SHORE           byte    %8.0g                 1 if on NJ shore
NCALLS          float   %9.0g                 number of call-backs*
EMPFT           float   %9.0g                 # full-time employees
EMPPT           float   %9.0g                 # part-time employees
NMGRS           float   %9.0g                 # managers/ass't managers
WAGE_ST         float   %9.0g                 starting wage ($/hr)
INCTIME         float   %9.0g                 months to usual first raise
FIRSTINC        float   %9.0g                 usual amount of first raise ($/hr)
BONUS           byte    %8.0g                 1 if cash bounty for new workers
PCTAFF          float   %9.0g                 % employees affected by new minimum
MEALS           byte    %8.0g                 free/reduced price code (See below)
OPEN            float   %9.0g                 hour of opening
HRSOPEN         float   %9.0g                 number hrs open per day
PSODA           float   %9.0g                 price of medium soda, including tax
PFRY            float   %9.0g                 price of small fries, including tax
PENTREE         float   %9.0g                 price of entree, including tax
NREGS           float   %9.0g                 number of cash registers in store
NREGS11         float   %9.0g                 number of registers open at 11:00 am
TYPE2           byte    %8.0g                 type 2nd interview 1=phone; 2=personal
STATUS2         byte    %8.0g                 status of second interview: see below
DATE2           float   %td                   date of second interview MMDDYY format
NCALLS2         float   %9.0g                 number of call-backs*
EMPFT2          float   %9.0g                 # full-time employees
EMPPT2          float   %9.0g                 # part-time employees
NMGRS2          float   %9.0g                 # managers/ass't managers
WAGE_ST2        float   %9.0g                 starting wage ($/hr)
INCTIME2        float   %9.0g                 months to usual first raise
FIRSTIN2        float   %9.0g                 usual amount of first raise ($/hr)
SPECIAL2        byte    %8.0g                 1 if special program for new workers
MEALS2          byte    %8.0g                 free/reduced price code (See below)
OPEN2R          float   %9.0g                 hour of opening
HRSOPEN2        float   %9.0g                 number hrs open per day
PSODA2          float   %9.0g                 price of medium soda, including tax
PFRY2           float   %9.0g                 price of small fries, including tax
PENTREE2        float   %9.0g                 price of entree, including tax
NREGS2          float   %9.0g                 number of cash registers in store
NREGS112        float   %9.0g                 number of registers open at 11:00 am
--------------------------------------------------------------------------------------------------
Sorted by: 

. * ️1 Distribution of store types (Burger King, KFC, Roy Rogers, Wendy's)
. tab CHAIN STATE, col

+-------------------+
| Key               |
|-------------------|
|     frequency     |
| column percentage |
+-------------------+

     chain |
     1=bk; |
    2=kfc; |
   3=roys; |   1 if NJ; 0 if Pa
  4=wendys |         0          1 |     Total
-----------+----------------------+----------
         1 |        35        136 |       171 
           |     44.30      41.09 |     41.71 
-----------+----------------------+----------
         2 |        12         68 |        80 
           |     15.19      20.54 |     19.51 
-----------+----------------------+----------
         3 |        17         82 |        99 
           |     21.52      24.77 |     24.15 
-----------+----------------------+----------
         4 |        15         45 |        60 
           |     18.99      13.60 |     14.63 
-----------+----------------------+----------
     Total |        79        331 |       410 
           |    100.00     100.00 |    100.00 

. 
. * 2 Create full-time-equivalent (FTE) employment for Wave 1
. gen FTE1 = EMPFT + 0.5*EMPPT
(6 missing values generated)

. 
. * 3 Calculate summary statistics for Wave 1 (Pre-treatment)
. bysort STATE: summarize FTE1 EMPFT EMPPT NMGRS WAGE_ST PSODA PFRY PENTREE HRSOPEN

--------------------------------------------------------------------------------------------------
-> STATE = 0

    Variable |        Obs        Mean    Std. dev.       Min        Max
-------------+---------------------------------------------------------
        FTE1 |         78    19.94872    11.67994        4.5       67.5
       EMPFT |         78    10.20513    10.77589          0         50
       EMPPT |         78    19.48718    9.577427          2         55
       NMGRS |         78    3.538462    1.101266          1          7
     WAGE_ST |         76    4.630132    .3516873       4.25        5.5
-------------+---------------------------------------------------------
       PSODA |         77    .9746753    .0694827        .73       1.13
        PFRY |         77     .841948      .08751        .69       1.05
     PENTREE |         77    1.215065    .6228893        .52        3.5
     HRSOPEN |         79    14.52532    2.951422          8         24

--------------------------------------------------------------------------------------------------
-> STATE = 1

    Variable |        Obs        Mean    Std. dev.       Min        Max
-------------+---------------------------------------------------------
        FTE1 |        326    17.06518    8.727993          3         80
       EMPFT |        326    7.723926     7.96389          0         60
       EMPPT |        328     18.6753    10.20586          0         60
       NMGRS |        326    3.392025    .9972875          1         10
     WAGE_ST |        314    4.612134    .3463505       4.25       5.75
-------------+---------------------------------------------------------
       PSODA |        325    1.061508    .0845789        .85       1.49
        PFRY |        316    .9414873    .1007779        .67       1.27
     PENTREE |        321    1.347882    .6461413        .49       3.95
     HRSOPEN |        331    14.41843    2.779414          7         24


. 
. * 4 Create FTE for Wave 2
. gen FTE2 = EMPFT2 + 0.5*EMPPT2
(13 missing values generated)

. 
. * 5 Summary statistics for Wave 2 (Post-treatment)
. bysort STATE: summarize FTE2 EMPFT2 EMPPT2 NMGRS2 WAGE_ST2 PSODA2 PFRY2 PENTREE2 HRSOPEN2

--------------------------------------------------------------------------------------------------
-> STATE = 0

    Variable |        Obs        Mean    Std. dev.       Min        Max
-------------+---------------------------------------------------------
        FTE2 |         77    17.54221    7.909272          0      38.25
      EMPFT2 |         77    7.564935    8.492005          0         35
      EMPPT2 |         77    19.95455    10.20422          0         48
      NMGRS2 |         78    3.641026    1.289058          0          8
    WAGE_ST2 |         71    4.617465    .3574781       4.25       6.25
-------------+---------------------------------------------------------
      PSODA2 |         77    .9754545     .084348        .41       1.11
       PFRY2 |         73     .859863    .0952991        .69       1.11
    PENTREE2 |         75    1.185467    .5779607        .63       2.64
    HRSOPEN2 |         78    14.65385    2.887847          9         24

--------------------------------------------------------------------------------------------------
-> STATE = 1

    Variable |        Obs        Mean    Std. dev.       Min        Max
-------------+---------------------------------------------------------
        FTE2 |        320    17.57266    8.778737          0       55.5
      EMPFT2 |        321    8.445483    7.844942          0         40
      EMPPT2 |        323    18.37307    10.80736          0         60
      NMGRS2 |        326    3.446319    1.100085          0          8
    WAGE_ST2 |        318    5.080849    .1045445          5       5.75
-------------+---------------------------------------------------------
      PSODA2 |        311    1.062154    .0876845        .84        1.4
       PFRY2 |        309    .9604531    .1035182        .73       1.37
    PENTREE2 |        311    1.394727    .6602745        .41       2.85
    HRSOPEN2 |        321    14.41978    2.721297          8         24


. 
. * 6 t-tests comparing NJ vs. PA
. ttest FTE1, by(STATE)

Two-sample t test with equal variances
------------------------------------------------------------------------------
   Group |     Obs        Mean    Std. err.   Std. dev.   [95% conf. interval]
---------+--------------------------------------------------------------------
       0 |      78    19.94872    1.322493    11.67994     17.3153    22.58214
       1 |     326    17.06518    .4833988    8.727993     16.1142    18.01617
---------+--------------------------------------------------------------------
Combined |     404    17.62191    .4688249    9.423264    16.70026    18.54355
---------+--------------------------------------------------------------------
    diff |            2.883534    1.180528                .5627538    5.204314
------------------------------------------------------------------------------
    diff = mean(0) - mean(1)                                      t =   2.4426
H0: diff = 0                                     Degrees of freedom =      402

    Ha: diff < 0                 Ha: diff != 0                 Ha: diff > 0
 Pr(T < t) = 0.9925         Pr(|T| > |t|) = 0.0150          Pr(T > t) = 0.0075

. ttest FTE2, by(STATE)

Two-sample t test with equal variances
------------------------------------------------------------------------------
   Group |     Obs        Mean    Std. err.   Std. dev.   [95% conf. interval]
---------+--------------------------------------------------------------------
       0 |      77    17.54221    .9013452    7.909272    15.74702    19.33739
       1 |     320    17.57266    .4907463    8.778737    16.60715    18.53816
---------+--------------------------------------------------------------------
Combined |     397    17.56675    .4319923    8.607385    16.71747    18.41604
---------+--------------------------------------------------------------------
    diff |           -.0304485    1.093943               -2.181127     2.12023
------------------------------------------------------------------------------
    diff = mean(0) - mean(1)                                      t =  -0.0278
H0: diff = 0                                     Degrees of freedom =      395

    Ha: diff < 0                 Ha: diff != 0                 Ha: diff > 0
 Pr(T < t) = 0.4889         Pr(|T| > |t|) = 0.9778          Pr(T > t) = 0.5111

. ttest WAGE_ST, by(STATE)

Two-sample t test with equal variances
------------------------------------------------------------------------------
   Group |     Obs        Mean    Std. err.   Std. dev.   [95% conf. interval]
---------+--------------------------------------------------------------------
       0 |      76    4.630132    .0403413    .3516873    4.549768    4.710496
       1 |     314    4.612134    .0195457    .3463505    4.573676    4.650591
---------+--------------------------------------------------------------------
Combined |     390    4.615641    .0175718    .3470151    4.581093    4.650189
---------+--------------------------------------------------------------------
    diff |            .0179978    .0444095               -.0693156    .1053113
------------------------------------------------------------------------------
    diff = mean(0) - mean(1)                                      t =   0.4053
H0: diff = 0                                     Degrees of freedom =      388

    Ha: diff < 0                 Ha: diff != 0                 Ha: diff > 0
 Pr(T < t) = 0.6572         Pr(|T| > |t|) = 0.6855          Pr(T > t) = 0.3428

. ttest WAGE_ST2, by(STATE)

Two-sample t test with equal variances
------------------------------------------------------------------------------
   Group |     Obs        Mean    Std. err.   Std. dev.   [95% conf. interval]
---------+--------------------------------------------------------------------
       0 |      71    4.617465    .0424249    .3574781    4.532851    4.702078
       1 |     318    5.080849    .0058626    .1045445    5.069315    5.092384
---------+--------------------------------------------------------------------
Combined |     389    4.996273    .0128373    .2531905    4.971033    5.021512
---------+--------------------------------------------------------------------
    diff |           -.4633844    .0235051               -.5095982   -.4171707
------------------------------------------------------------------------------
    diff = mean(0) - mean(1)                                      t = -19.7142
H0: diff = 0                                     Degrees of freedom =      387

    Ha: diff < 0                 Ha: diff != 0                 Ha: diff > 0
 Pr(T < t) = 0.0000         Pr(|T| > |t|) = 0.0000          Pr(T > t) = 1.0000

. ttest PSODA2, by(STATE)

Two-sample t test with equal variances
------------------------------------------------------------------------------
   Group |     Obs        Mean    Std. err.   Std. dev.   [95% conf. interval]
---------+--------------------------------------------------------------------
       0 |      77    .9754545    .0096124     .084348    .9563099    .9945992
       1 |     311    1.062154    .0049721    .0876845    1.052371    1.071938
---------+--------------------------------------------------------------------
Combined |     388    1.044948    .0047501     .093567    1.035609    1.054288
---------+--------------------------------------------------------------------
    diff |           -.0866998    .0110789               -.1084824   -.0649172
------------------------------------------------------------------------------
    diff = mean(0) - mean(1)                                      t =  -7.8256
H0: diff = 0                                     Degrees of freedom =      386

    Ha: diff < 0                 Ha: diff != 0                 Ha: diff > 0
 Pr(T < t) = 0.0000         Pr(|T| > |t|) = 0.0000          Pr(T > t) = 1.0000

. ttest PFRY2, by(STATE)

Two-sample t test with equal variances
------------------------------------------------------------------------------
   Group |     Obs        Mean    Std. err.   Std. dev.   [95% conf. interval]
---------+--------------------------------------------------------------------
       0 |      73     .859863    .0111539    .0952991    .8376281    .8820979
       1 |     309    .9604531    .0058889    .1035182    .9488654    .9720407
---------+--------------------------------------------------------------------
Combined |     382    .9412304    .0055925    .1093037    .9302344    .9522263
---------+--------------------------------------------------------------------
    diff |           -.1005901    .0132752               -.1266921    -.074488
------------------------------------------------------------------------------
    diff = mean(0) - mean(1)                                      t =  -7.5773
H0: diff = 0                                     Degrees of freedom =      380

    Ha: diff < 0                 Ha: diff != 0                 Ha: diff > 0
 Pr(T < t) = 0.0000         Pr(|T| > |t|) = 0.0000          Pr(T > t) = 1.0000

. ttest PENTREE2, by(STATE)

Two-sample t test with equal variances
------------------------------------------------------------------------------
   Group |     Obs        Mean    Std. err.   Std. dev.   [95% conf. interval]
---------+--------------------------------------------------------------------
       0 |      75    1.185467    .0667372    .5779607     1.05249    1.318443
       1 |     311    1.394727    .0374407    .6602745    1.321057    1.468397
---------+--------------------------------------------------------------------
Combined |     386    1.354067     .033069    .6497019    1.289049    1.419086
---------+--------------------------------------------------------------------
    diff |             -.20926    .0830036               -.3724584   -.0460616
------------------------------------------------------------------------------
    diff = mean(0) - mean(1)                                      t =  -2.5211
H0: diff = 0                                     Degrees of freedom =      384

    Ha: diff < 0                 Ha: diff != 0                 Ha: diff > 0
 Pr(T < t) = 0.0061         Pr(|T| > |t|) = 0.0121          Pr(T > t) = 0.9939

. 
. *------------------------------------------------------------*
. * d)Figure 1: Distribution of Starting Wage Rates (CK 1994)
. *------------------------------------------------------------*
. 
. * bar color black-and-white
. set scheme s2mono

. 
. * Bin settings to match the paper's x-axis: 4.25 to ~5.55 in $0.10 steps
. local start 4.25

. local width 0.10

. 
. *----------------------------*
. * Panel A: February 1992
. *----------------------------*
. twoway ///
>  (histogram WAGE_ST if STATE==1 & !missing(WAGE_ST), ///
>      start(`start') width(`width') percent ///
>      fcolor(black%60) lcolor(black)) ///
>  (histogram WAGE_ST if STATE==0 & !missing(WAGE_ST), ///
>      start(`start') width(`width') percent ///
>      fcolor(none) lcolor(black) lpattern(dash)), ///
>  legend(order(1 "New Jersey" 2 "Pennsylvania") pos(11) ring(0) cols(1)) ///
>  title("February 1992") ///
>  ytitle("Percent of Stores") xtitle("Wage Range") ///
>  graphregion(color(white)) plotregion(margin(zero))

. 
. graph save "fig_wave1.gph", replace
file fig_wave1.gph saved

. graph export "fig_wave1.png", replace
file /Users/yuanhaining/Desktop/fig_wave1.png saved as PNG format

. 
. *----------------------------*
. * Panel B: November 1992
. *----------------------------*
. twoway ///
>  (histogram WAGE_ST2 if STATE==1 & !missing(WAGE_ST2), ///
>      start(`start') width(`width') percent ///
>      fcolor(black%60) lcolor(black)) ///
>  (histogram WAGE_ST2 if STATE==0 & !missing(WAGE_ST2), ///
>      start(`start') width(`width') percent ///
>      fcolor(none) lcolor(black) lpattern(dash)), ///
>  legend(order(1 "New Jersey" 2 "Pennsylvania") pos(11) ring(0) cols(1)) ///
>  title("November 1992") ///
>  ytitle("Percent of Stores") xtitle("Wage Range") ///
>  graphregion(color(white)) plotregion(margin(zero))

. 
. graph save "fig_wave2.gph", replace
file fig_wave2.gph saved

. graph export "fig_wave2.png", replace
file /Users/yuanhaining/Desktop/fig_wave2.png saved as PNG format

. 
. *----------------------------*
. * Combine vertically (like the paper)
. *----------------------------*
. graph combine "fig_wave1.gph" "fig_wave2.gph", ///
>     col(1) imargin(zero) ///
>     title(
parentheses do not balance
r(198);

end of do-file

r(198);

. do "/var/folders/n6/b63hv83n6kv6klpfspjfc53c0000gn/T//SD16029.000000"

. * --- Q4 setup: load Card & Krueger data ---
. clear all

. set more off

. 
. * Set the working directory
. cd "/Users/yuanhaining/Desktop/"
/Users/yuanhaining/Desktop

. 
. * Load the dataset
.  use cardnj.dta, clear

.  
. * part c:  Table 2 from Card & Krueger (1994)
. * Verify data structure
. describe

Contains data from cardnj.dta
 Observations:           410                  
    Variables:            46                  5 Nov 2021 04:00
--------------------------------------------------------------------------------------------------
Variable      Storage   Display    Value
    name         type    format    label      Variable label
--------------------------------------------------------------------------------------------------
SHEET           float   %9.0g                 sheet number (unique store id)
CHAIN           byte    %8.0g                 chain 1=bk; 2=kfc; 3=roys; 4=wendys
CO_OWNED        byte    %8.0g                 1 if company owned
STATE           byte    %8.0g                 1 if NJ; 0 if Pa
SOUTHJ          byte    %8.0g                 1 if in southern NJ
CENTRALJ        byte    %8.0g                 1 if in central NJ
NORTHJ          byte    %8.0g                 1 if in northern NJ
PA1             byte    %8.0g                 1 if in PA, northeast suburbs of Phila
PA2             byte    %8.0g                 1 if in PA, Easton etc
SHORE           byte    %8.0g                 1 if on NJ shore
NCALLS          float   %9.0g                 number of call-backs*
EMPFT           float   %9.0g                 # full-time employees
EMPPT           float   %9.0g                 # part-time employees
NMGRS           float   %9.0g                 # managers/ass't managers
WAGE_ST         float   %9.0g                 starting wage ($/hr)
INCTIME         float   %9.0g                 months to usual first raise
FIRSTINC        float   %9.0g                 usual amount of first raise ($/hr)
BONUS           byte    %8.0g                 1 if cash bounty for new workers
PCTAFF          float   %9.0g                 % employees affected by new minimum
MEALS           byte    %8.0g                 free/reduced price code (See below)
OPEN            float   %9.0g                 hour of opening
HRSOPEN         float   %9.0g                 number hrs open per day
PSODA           float   %9.0g                 price of medium soda, including tax
PFRY            float   %9.0g                 price of small fries, including tax
PENTREE         float   %9.0g                 price of entree, including tax
NREGS           float   %9.0g                 number of cash registers in store
NREGS11         float   %9.0g                 number of registers open at 11:00 am
TYPE2           byte    %8.0g                 type 2nd interview 1=phone; 2=personal
STATUS2         byte    %8.0g                 status of second interview: see below
DATE2           float   %td                   date of second interview MMDDYY format
NCALLS2         float   %9.0g                 number of call-backs*
EMPFT2          float   %9.0g                 # full-time employees
EMPPT2          float   %9.0g                 # part-time employees
NMGRS2          float   %9.0g                 # managers/ass't managers
WAGE_ST2        float   %9.0g                 starting wage ($/hr)
INCTIME2        float   %9.0g                 months to usual first raise
FIRSTIN2        float   %9.0g                 usual amount of first raise ($/hr)
SPECIAL2        byte    %8.0g                 1 if special program for new workers
MEALS2          byte    %8.0g                 free/reduced price code (See below)
OPEN2R          float   %9.0g                 hour of opening
HRSOPEN2        float   %9.0g                 number hrs open per day
PSODA2          float   %9.0g                 price of medium soda, including tax
PFRY2           float   %9.0g                 price of small fries, including tax
PENTREE2        float   %9.0g                 price of entree, including tax
NREGS2          float   %9.0g                 number of cash registers in store
NREGS112        float   %9.0g                 number of registers open at 11:00 am
--------------------------------------------------------------------------------------------------
Sorted by: 

. * ️1 Distribution of store types (Burger King, KFC, Roy Rogers, Wendy's)
. tab CHAIN STATE, col

+-------------------+
| Key               |
|-------------------|
|     frequency     |
| column percentage |
+-------------------+

     chain |
     1=bk; |
    2=kfc; |
   3=roys; |   1 if NJ; 0 if Pa
  4=wendys |         0          1 |     Total
-----------+----------------------+----------
         1 |        35        136 |       171 
           |     44.30      41.09 |     41.71 
-----------+----------------------+----------
         2 |        12         68 |        80 
           |     15.19      20.54 |     19.51 
-----------+----------------------+----------
         3 |        17         82 |        99 
           |     21.52      24.77 |     24.15 
-----------+----------------------+----------
         4 |        15         45 |        60 
           |     18.99      13.60 |     14.63 
-----------+----------------------+----------
     Total |        79        331 |       410 
           |    100.00     100.00 |    100.00 

. 
. * 2 Create full-time-equivalent (FTE) employment for Wave 1
. gen FTE1 = EMPFT + 0.5*EMPPT
(6 missing values generated)

. 
. * 3 Calculate summary statistics for Wave 1 (Pre-treatment)
. bysort STATE: summarize FTE1 EMPFT EMPPT NMGRS WAGE_ST PSODA PFRY PENTREE HRSOPEN

--------------------------------------------------------------------------------------------------
-> STATE = 0

    Variable |        Obs        Mean    Std. dev.       Min        Max
-------------+---------------------------------------------------------
        FTE1 |         78    19.94872    11.67994        4.5       67.5
       EMPFT |         78    10.20513    10.77589          0         50
       EMPPT |         78    19.48718    9.577427          2         55
       NMGRS |         78    3.538462    1.101266          1          7
     WAGE_ST |         76    4.630132    .3516873       4.25        5.5
-------------+---------------------------------------------------------
       PSODA |         77    .9746753    .0694827        .73       1.13
        PFRY |         77     .841948      .08751        .69       1.05
     PENTREE |         77    1.215065    .6228893        .52        3.5
     HRSOPEN |         79    14.52532    2.951422          8         24

--------------------------------------------------------------------------------------------------
-> STATE = 1

    Variable |        Obs        Mean    Std. dev.       Min        Max
-------------+---------------------------------------------------------
        FTE1 |        326    17.06518    8.727993          3         80
       EMPFT |        326    7.723926     7.96389          0         60
       EMPPT |        328     18.6753    10.20586          0         60
       NMGRS |        326    3.392025    .9972875          1         10
     WAGE_ST |        314    4.612134    .3463505       4.25       5.75
-------------+---------------------------------------------------------
       PSODA |        325    1.061508    .0845789        .85       1.49
        PFRY |        316    .9414873    .1007779        .67       1.27
     PENTREE |        321    1.347882    .6461413        .49       3.95
     HRSOPEN |        331    14.41843    2.779414          7         24


. 
. * 4 Create FTE for Wave 2
. gen FTE2 = EMPFT2 + 0.5*EMPPT2
(13 missing values generated)

. 
. * 5 Summary statistics for Wave 2 (Post-treatment)
. bysort STATE: summarize FTE2 EMPFT2 EMPPT2 NMGRS2 WAGE_ST2 PSODA2 PFRY2 PENTREE2 HRSOPEN2

--------------------------------------------------------------------------------------------------
-> STATE = 0

    Variable |        Obs        Mean    Std. dev.       Min        Max
-------------+---------------------------------------------------------
        FTE2 |         77    17.54221    7.909272          0      38.25
      EMPFT2 |         77    7.564935    8.492005          0         35
      EMPPT2 |         77    19.95455    10.20422          0         48
      NMGRS2 |         78    3.641026    1.289058          0          8
    WAGE_ST2 |         71    4.617465    .3574781       4.25       6.25
-------------+---------------------------------------------------------
      PSODA2 |         77    .9754545     .084348        .41       1.11
       PFRY2 |         73     .859863    .0952991        .69       1.11
    PENTREE2 |         75    1.185467    .5779607        .63       2.64
    HRSOPEN2 |         78    14.65385    2.887847          9         24

--------------------------------------------------------------------------------------------------
-> STATE = 1

    Variable |        Obs        Mean    Std. dev.       Min        Max
-------------+---------------------------------------------------------
        FTE2 |        320    17.57266    8.778737          0       55.5
      EMPFT2 |        321    8.445483    7.844942          0         40
      EMPPT2 |        323    18.37307    10.80736          0         60
      NMGRS2 |        326    3.446319    1.100085          0          8
    WAGE_ST2 |        318    5.080849    .1045445          5       5.75
-------------+---------------------------------------------------------
      PSODA2 |        311    1.062154    .0876845        .84        1.4
       PFRY2 |        309    .9604531    .1035182        .73       1.37
    PENTREE2 |        311    1.394727    .6602745        .41       2.85
    HRSOPEN2 |        321    14.41978    2.721297          8         24


. 
. * 6 t-tests comparing NJ vs. PA
. ttest FTE1, by(STATE)

Two-sample t test with equal variances
------------------------------------------------------------------------------
   Group |     Obs        Mean    Std. err.   Std. dev.   [95% conf. interval]
---------+--------------------------------------------------------------------
       0 |      78    19.94872    1.322493    11.67994     17.3153    22.58214
       1 |     326    17.06518    .4833988    8.727993     16.1142    18.01617
---------+--------------------------------------------------------------------
Combined |     404    17.62191    .4688249    9.423264    16.70026    18.54355
---------+--------------------------------------------------------------------
    diff |            2.883534    1.180528                .5627538    5.204314
------------------------------------------------------------------------------
    diff = mean(0) - mean(1)                                      t =   2.4426
H0: diff = 0                                     Degrees of freedom =      402

    Ha: diff < 0                 Ha: diff != 0                 Ha: diff > 0
 Pr(T < t) = 0.9925         Pr(|T| > |t|) = 0.0150          Pr(T > t) = 0.0075

. ttest FTE2, by(STATE)

Two-sample t test with equal variances
------------------------------------------------------------------------------
   Group |     Obs        Mean    Std. err.   Std. dev.   [95% conf. interval]
---------+--------------------------------------------------------------------
       0 |      77    17.54221    .9013452    7.909272    15.74702    19.33739
       1 |     320    17.57266    .4907463    8.778737    16.60715    18.53816
---------+--------------------------------------------------------------------
Combined |     397    17.56675    .4319923    8.607385    16.71747    18.41604
---------+--------------------------------------------------------------------
    diff |           -.0304485    1.093943               -2.181127     2.12023
------------------------------------------------------------------------------
    diff = mean(0) - mean(1)                                      t =  -0.0278
H0: diff = 0                                     Degrees of freedom =      395

    Ha: diff < 0                 Ha: diff != 0                 Ha: diff > 0
 Pr(T < t) = 0.4889         Pr(|T| > |t|) = 0.9778          Pr(T > t) = 0.5111

. ttest WAGE_ST, by(STATE)

Two-sample t test with equal variances
------------------------------------------------------------------------------
   Group |     Obs        Mean    Std. err.   Std. dev.   [95% conf. interval]
---------+--------------------------------------------------------------------
       0 |      76    4.630132    .0403413    .3516873    4.549768    4.710496
       1 |     314    4.612134    .0195457    .3463505    4.573676    4.650591
---------+--------------------------------------------------------------------
Combined |     390    4.615641    .0175718    .3470151    4.581093    4.650189
---------+--------------------------------------------------------------------
    diff |            .0179978    .0444095               -.0693156    .1053113
------------------------------------------------------------------------------
    diff = mean(0) - mean(1)                                      t =   0.4053
H0: diff = 0                                     Degrees of freedom =      388

    Ha: diff < 0                 Ha: diff != 0                 Ha: diff > 0
 Pr(T < t) = 0.6572         Pr(|T| > |t|) = 0.6855          Pr(T > t) = 0.3428

. ttest WAGE_ST2, by(STATE)

Two-sample t test with equal variances
------------------------------------------------------------------------------
   Group |     Obs        Mean    Std. err.   Std. dev.   [95% conf. interval]
---------+--------------------------------------------------------------------
       0 |      71    4.617465    .0424249    .3574781    4.532851    4.702078
       1 |     318    5.080849    .0058626    .1045445    5.069315    5.092384
---------+--------------------------------------------------------------------
Combined |     389    4.996273    .0128373    .2531905    4.971033    5.021512
---------+--------------------------------------------------------------------
    diff |           -.4633844    .0235051               -.5095982   -.4171707
------------------------------------------------------------------------------
    diff = mean(0) - mean(1)                                      t = -19.7142
H0: diff = 0                                     Degrees of freedom =      387

    Ha: diff < 0                 Ha: diff != 0                 Ha: diff > 0
 Pr(T < t) = 0.0000         Pr(|T| > |t|) = 0.0000          Pr(T > t) = 1.0000

. ttest PSODA2, by(STATE)

Two-sample t test with equal variances
------------------------------------------------------------------------------
   Group |     Obs        Mean    Std. err.   Std. dev.   [95% conf. interval]
---------+--------------------------------------------------------------------
       0 |      77    .9754545    .0096124     .084348    .9563099    .9945992
       1 |     311    1.062154    .0049721    .0876845    1.052371    1.071938
---------+--------------------------------------------------------------------
Combined |     388    1.044948    .0047501     .093567    1.035609    1.054288
---------+--------------------------------------------------------------------
    diff |           -.0866998    .0110789               -.1084824   -.0649172
------------------------------------------------------------------------------
    diff = mean(0) - mean(1)                                      t =  -7.8256
H0: diff = 0                                     Degrees of freedom =      386

    Ha: diff < 0                 Ha: diff != 0                 Ha: diff > 0
 Pr(T < t) = 0.0000         Pr(|T| > |t|) = 0.0000          Pr(T > t) = 1.0000

. ttest PFRY2, by(STATE)

Two-sample t test with equal variances
------------------------------------------------------------------------------
   Group |     Obs        Mean    Std. err.   Std. dev.   [95% conf. interval]
---------+--------------------------------------------------------------------
       0 |      73     .859863    .0111539    .0952991    .8376281    .8820979
       1 |     309    .9604531    .0058889    .1035182    .9488654    .9720407
---------+--------------------------------------------------------------------
Combined |     382    .9412304    .0055925    .1093037    .9302344    .9522263
---------+--------------------------------------------------------------------
    diff |           -.1005901    .0132752               -.1266921    -.074488
------------------------------------------------------------------------------
    diff = mean(0) - mean(1)                                      t =  -7.5773
H0: diff = 0                                     Degrees of freedom =      380

    Ha: diff < 0                 Ha: diff != 0                 Ha: diff > 0
 Pr(T < t) = 0.0000         Pr(|T| > |t|) = 0.0000          Pr(T > t) = 1.0000

. ttest PENTREE2, by(STATE)

Two-sample t test with equal variances
------------------------------------------------------------------------------
   Group |     Obs        Mean    Std. err.   Std. dev.   [95% conf. interval]
---------+--------------------------------------------------------------------
       0 |      75    1.185467    .0667372    .5779607     1.05249    1.318443
       1 |     311    1.394727    .0374407    .6602745    1.321057    1.468397
---------+--------------------------------------------------------------------
Combined |     386    1.354067     .033069    .6497019    1.289049    1.419086
---------+--------------------------------------------------------------------
    diff |             -.20926    .0830036               -.3724584   -.0460616
------------------------------------------------------------------------------
    diff = mean(0) - mean(1)                                      t =  -2.5211
H0: diff = 0                                     Degrees of freedom =      384

    Ha: diff < 0                 Ha: diff != 0                 Ha: diff > 0
 Pr(T < t) = 0.0061         Pr(|T| > |t|) = 0.0121          Pr(T > t) = 0.9939

. 
. *------------------------------------------------------------*
. * d)Figure 1: Distribution of Starting Wage Rates (CK 1994)
. *------------------------------------------------------------*
. 
. * bar color black-and-white
. set scheme s2mono

. 
. * Bin settings to match the paper's x-axis: 4.25 to ~5.55 in $0.10 steps
. local start 4.25

. local width 0.10

. 
. *----------------------------*
. * Panel A: February 1992
. *----------------------------*
. twoway ///
>  (histogram WAGE_ST if STATE==1 & !missing(WAGE_ST), ///
>      start(`start') width(`width') percent ///
>      fcolor(black%60) lcolor(black)) ///
>  (histogram WAGE_ST if STATE==0 & !missing(WAGE_ST), ///
>      start(`start') width(`width') percent ///
>      fcolor(none) lcolor(black) lpattern(dash)), ///
>  legend(order(1 "New Jersey" 2 "Pennsylvania") pos(11) ring(0) cols(1)) ///
>  title("February 1992") ///
>  ytitle("Percent of Stores") xtitle("Wage Range") ///
>  graphregion(color(white)) plotregion(margin(zero))

. 
. graph save "fig_wave1.gph", replace
file fig_wave1.gph saved

. graph export "fig_wave1.png", replace
file /Users/yuanhaining/Desktop/fig_wave1.png saved as PNG format

. 
. *----------------------------*
. * Panel B: November 1992
. *----------------------------*
. twoway ///
>  (histogram WAGE_ST2 if STATE==1 & !missing(WAGE_ST2), ///
>      start(`start') width(`width') percent ///
>      fcolor(black%60) lcolor(black)) ///
>  (histogram WAGE_ST2 if STATE==0 & !missing(WAGE_ST2), ///
>      start(`start') width(`width') percent ///
>      fcolor(none) lcolor(black) lpattern(dash)), ///
>  legend(order(1 "New Jersey" 2 "Pennsylvania") pos(11) ring(0) cols(1)) ///
>  title("November 1992") ///
>  ytitle("Percent of Stores") xtitle("Wage Range") ///
>  graphregion(color(white)) plotregion(margin(zero))

. 
. graph save "fig_wave2.gph", replace
file fig_wave2.gph saved

. graph export "fig_wave2.png", replace
file /Users/yuanhaining/Desktop/fig_wave2.png saved as PNG format

. 
. *----------------------------*
. * Combine vertically (like the paper)
. *----------------------------*
. graph combine "fig_wave1.gph" "fig_wave2.gph", ///
>     col(1) imargin(zero) ///
>     title(
parentheses do not balance
r(198);

end of do-file

r(198);

. do "/var/folders/n6/b63hv83n6kv6klpfspjfc53c0000gn/T//SD16029.000000"

. * --- Q4 setup: load Card & Krueger data ---
. clear all

. set more off

. 
. * Set the working directory
. cd "/Users/yuanhaining/Desktop/"
/Users/yuanhaining/Desktop

. 
. * Load the dataset
.  use cardnj.dta, clear

.  
. * part c:  Table 2 from Card & Krueger (1994)
. * Verify data structure
. describe

Contains data from cardnj.dta
 Observations:           410                  
    Variables:            46                  5 Nov 2021 04:00
--------------------------------------------------------------------------------------------------
Variable      Storage   Display    Value
    name         type    format    label      Variable label
--------------------------------------------------------------------------------------------------
SHEET           float   %9.0g                 sheet number (unique store id)
CHAIN           byte    %8.0g                 chain 1=bk; 2=kfc; 3=roys; 4=wendys
CO_OWNED        byte    %8.0g                 1 if company owned
STATE           byte    %8.0g                 1 if NJ; 0 if Pa
SOUTHJ          byte    %8.0g                 1 if in southern NJ
CENTRALJ        byte    %8.0g                 1 if in central NJ
NORTHJ          byte    %8.0g                 1 if in northern NJ
PA1             byte    %8.0g                 1 if in PA, northeast suburbs of Phila
PA2             byte    %8.0g                 1 if in PA, Easton etc
SHORE           byte    %8.0g                 1 if on NJ shore
NCALLS          float   %9.0g                 number of call-backs*
EMPFT           float   %9.0g                 # full-time employees
EMPPT           float   %9.0g                 # part-time employees
NMGRS           float   %9.0g                 # managers/ass't managers
WAGE_ST         float   %9.0g                 starting wage ($/hr)
INCTIME         float   %9.0g                 months to usual first raise
FIRSTINC        float   %9.0g                 usual amount of first raise ($/hr)
BONUS           byte    %8.0g                 1 if cash bounty for new workers
PCTAFF          float   %9.0g                 % employees affected by new minimum
MEALS           byte    %8.0g                 free/reduced price code (See below)
OPEN            float   %9.0g                 hour of opening
HRSOPEN         float   %9.0g                 number hrs open per day
PSODA           float   %9.0g                 price of medium soda, including tax
PFRY            float   %9.0g                 price of small fries, including tax
PENTREE         float   %9.0g                 price of entree, including tax
NREGS           float   %9.0g                 number of cash registers in store
NREGS11         float   %9.0g                 number of registers open at 11:00 am
TYPE2           byte    %8.0g                 type 2nd interview 1=phone; 2=personal
STATUS2         byte    %8.0g                 status of second interview: see below
DATE2           float   %td                   date of second interview MMDDYY format
NCALLS2         float   %9.0g                 number of call-backs*
EMPFT2          float   %9.0g                 # full-time employees
EMPPT2          float   %9.0g                 # part-time employees
NMGRS2          float   %9.0g                 # managers/ass't managers
WAGE_ST2        float   %9.0g                 starting wage ($/hr)
INCTIME2        float   %9.0g                 months to usual first raise
FIRSTIN2        float   %9.0g                 usual amount of first raise ($/hr)
SPECIAL2        byte    %8.0g                 1 if special program for new workers
MEALS2          byte    %8.0g                 free/reduced price code (See below)
OPEN2R          float   %9.0g                 hour of opening
HRSOPEN2        float   %9.0g                 number hrs open per day
PSODA2          float   %9.0g                 price of medium soda, including tax
PFRY2           float   %9.0g                 price of small fries, including tax
PENTREE2        float   %9.0g                 price of entree, including tax
NREGS2          float   %9.0g                 number of cash registers in store
NREGS112        float   %9.0g                 number of registers open at 11:00 am
--------------------------------------------------------------------------------------------------
Sorted by: 

. * ️1 Distribution of store types (Burger King, KFC, Roy Rogers, Wendy's)
. tab CHAIN STATE, col

+-------------------+
| Key               |
|-------------------|
|     frequency     |
| column percentage |
+-------------------+

     chain |
     1=bk; |
    2=kfc; |
   3=roys; |   1 if NJ; 0 if Pa
  4=wendys |         0          1 |     Total
-----------+----------------------+----------
         1 |        35        136 |       171 
           |     44.30      41.09 |     41.71 
-----------+----------------------+----------
         2 |        12         68 |        80 
           |     15.19      20.54 |     19.51 
-----------+----------------------+----------
         3 |        17         82 |        99 
           |     21.52      24.77 |     24.15 
-----------+----------------------+----------
         4 |        15         45 |        60 
           |     18.99      13.60 |     14.63 
-----------+----------------------+----------
     Total |        79        331 |       410 
           |    100.00     100.00 |    100.00 

. 
. * 2 Create full-time-equivalent (FTE) employment for Wave 1
. gen FTE1 = EMPFT + 0.5*EMPPT
(6 missing values generated)

. 
. * 3 Calculate summary statistics for Wave 1 (Pre-treatment)
. bysort STATE: summarize FTE1 EMPFT EMPPT NMGRS WAGE_ST PSODA PFRY PENTREE HRSOPEN

--------------------------------------------------------------------------------------------------
-> STATE = 0

    Variable |        Obs        Mean    Std. dev.       Min        Max
-------------+---------------------------------------------------------
        FTE1 |         78    19.94872    11.67994        4.5       67.5
       EMPFT |         78    10.20513    10.77589          0         50
       EMPPT |         78    19.48718    9.577427          2         55
       NMGRS |         78    3.538462    1.101266          1          7
     WAGE_ST |         76    4.630132    .3516873       4.25        5.5
-------------+---------------------------------------------------------
       PSODA |         77    .9746753    .0694827        .73       1.13
        PFRY |         77     .841948      .08751        .69       1.05
     PENTREE |         77    1.215065    .6228893        .52        3.5
     HRSOPEN |         79    14.52532    2.951422          8         24

--------------------------------------------------------------------------------------------------
-> STATE = 1

    Variable |        Obs        Mean    Std. dev.       Min        Max
-------------+---------------------------------------------------------
        FTE1 |        326    17.06518    8.727993          3         80
       EMPFT |        326    7.723926     7.96389          0         60
       EMPPT |        328     18.6753    10.20586          0         60
       NMGRS |        326    3.392025    .9972875          1         10
     WAGE_ST |        314    4.612134    .3463505       4.25       5.75
-------------+---------------------------------------------------------
       PSODA |        325    1.061508    .0845789        .85       1.49
        PFRY |        316    .9414873    .1007779        .67       1.27
     PENTREE |        321    1.347882    .6461413        .49       3.95
     HRSOPEN |        331    14.41843    2.779414          7         24


. 
. * 4 Create FTE for Wave 2
. gen FTE2 = EMPFT2 + 0.5*EMPPT2
(13 missing values generated)

. 
. * 5 Summary statistics for Wave 2 (Post-treatment)
. bysort STATE: summarize FTE2 EMPFT2 EMPPT2 NMGRS2 WAGE_ST2 PSODA2 PFRY2 PENTREE2 HRSOPEN2

--------------------------------------------------------------------------------------------------
-> STATE = 0

    Variable |        Obs        Mean    Std. dev.       Min        Max
-------------+---------------------------------------------------------
        FTE2 |         77    17.54221    7.909272          0      38.25
      EMPFT2 |         77    7.564935    8.492005          0         35
      EMPPT2 |         77    19.95455    10.20422          0         48
      NMGRS2 |         78    3.641026    1.289058          0          8
    WAGE_ST2 |         71    4.617465    .3574781       4.25       6.25
-------------+---------------------------------------------------------
      PSODA2 |         77    .9754545     .084348        .41       1.11
       PFRY2 |         73     .859863    .0952991        .69       1.11
    PENTREE2 |         75    1.185467    .5779607        .63       2.64
    HRSOPEN2 |         78    14.65385    2.887847          9         24

--------------------------------------------------------------------------------------------------
-> STATE = 1

    Variable |        Obs        Mean    Std. dev.       Min        Max
-------------+---------------------------------------------------------
        FTE2 |        320    17.57266    8.778737          0       55.5
      EMPFT2 |        321    8.445483    7.844942          0         40
      EMPPT2 |        323    18.37307    10.80736          0         60
      NMGRS2 |        326    3.446319    1.100085          0          8
    WAGE_ST2 |        318    5.080849    .1045445          5       5.75
-------------+---------------------------------------------------------
      PSODA2 |        311    1.062154    .0876845        .84        1.4
       PFRY2 |        309    .9604531    .1035182        .73       1.37
    PENTREE2 |        311    1.394727    .6602745        .41       2.85
    HRSOPEN2 |        321    14.41978    2.721297          8         24


. 
. * 6 t-tests comparing NJ vs. PA
. ttest FTE1, by(STATE)

Two-sample t test with equal variances
------------------------------------------------------------------------------
   Group |     Obs        Mean    Std. err.   Std. dev.   [95% conf. interval]
---------+--------------------------------------------------------------------
       0 |      78    19.94872    1.322493    11.67994     17.3153    22.58214
       1 |     326    17.06518    .4833988    8.727993     16.1142    18.01617
---------+--------------------------------------------------------------------
Combined |     404    17.62191    .4688249    9.423264    16.70026    18.54355
---------+--------------------------------------------------------------------
    diff |            2.883534    1.180528                .5627538    5.204314
------------------------------------------------------------------------------
    diff = mean(0) - mean(1)                                      t =   2.4426
H0: diff = 0                                     Degrees of freedom =      402

    Ha: diff < 0                 Ha: diff != 0                 Ha: diff > 0
 Pr(T < t) = 0.9925         Pr(|T| > |t|) = 0.0150          Pr(T > t) = 0.0075

. ttest FTE2, by(STATE)

Two-sample t test with equal variances
------------------------------------------------------------------------------
   Group |     Obs        Mean    Std. err.   Std. dev.   [95% conf. interval]
---------+--------------------------------------------------------------------
       0 |      77    17.54221    .9013452    7.909272    15.74702    19.33739
       1 |     320    17.57266    .4907463    8.778737    16.60715    18.53816
---------+--------------------------------------------------------------------
Combined |     397    17.56675    .4319923    8.607385    16.71747    18.41604
---------+--------------------------------------------------------------------
    diff |           -.0304485    1.093943               -2.181127     2.12023
------------------------------------------------------------------------------
    diff = mean(0) - mean(1)                                      t =  -0.0278
H0: diff = 0                                     Degrees of freedom =      395

    Ha: diff < 0                 Ha: diff != 0                 Ha: diff > 0
 Pr(T < t) = 0.4889         Pr(|T| > |t|) = 0.9778          Pr(T > t) = 0.5111

. ttest WAGE_ST, by(STATE)

Two-sample t test with equal variances
------------------------------------------------------------------------------
   Group |     Obs        Mean    Std. err.   Std. dev.   [95% conf. interval]
---------+--------------------------------------------------------------------
       0 |      76    4.630132    .0403413    .3516873    4.549768    4.710496
       1 |     314    4.612134    .0195457    .3463505    4.573676    4.650591
---------+--------------------------------------------------------------------
Combined |     390    4.615641    .0175718    .3470151    4.581093    4.650189
---------+--------------------------------------------------------------------
    diff |            .0179978    .0444095               -.0693156    .1053113
------------------------------------------------------------------------------
    diff = mean(0) - mean(1)                                      t =   0.4053
H0: diff = 0                                     Degrees of freedom =      388

    Ha: diff < 0                 Ha: diff != 0                 Ha: diff > 0
 Pr(T < t) = 0.6572         Pr(|T| > |t|) = 0.6855          Pr(T > t) = 0.3428

. ttest WAGE_ST2, by(STATE)

Two-sample t test with equal variances
------------------------------------------------------------------------------
   Group |     Obs        Mean    Std. err.   Std. dev.   [95% conf. interval]
---------+--------------------------------------------------------------------
       0 |      71    4.617465    .0424249    .3574781    4.532851    4.702078
       1 |     318    5.080849    .0058626    .1045445    5.069315    5.092384
---------+--------------------------------------------------------------------
Combined |     389    4.996273    .0128373    .2531905    4.971033    5.021512
---------+--------------------------------------------------------------------
    diff |           -.4633844    .0235051               -.5095982   -.4171707
------------------------------------------------------------------------------
    diff = mean(0) - mean(1)                                      t = -19.7142
H0: diff = 0                                     Degrees of freedom =      387

    Ha: diff < 0                 Ha: diff != 0                 Ha: diff > 0
 Pr(T < t) = 0.0000         Pr(|T| > |t|) = 0.0000          Pr(T > t) = 1.0000

. ttest PSODA2, by(STATE)

Two-sample t test with equal variances
------------------------------------------------------------------------------
   Group |     Obs        Mean    Std. err.   Std. dev.   [95% conf. interval]
---------+--------------------------------------------------------------------
       0 |      77    .9754545    .0096124     .084348    .9563099    .9945992
       1 |     311    1.062154    .0049721    .0876845    1.052371    1.071938
---------+--------------------------------------------------------------------
Combined |     388    1.044948    .0047501     .093567    1.035609    1.054288
---------+--------------------------------------------------------------------
    diff |           -.0866998    .0110789               -.1084824   -.0649172
------------------------------------------------------------------------------
    diff = mean(0) - mean(1)                                      t =  -7.8256
H0: diff = 0                                     Degrees of freedom =      386

    Ha: diff < 0                 Ha: diff != 0                 Ha: diff > 0
 Pr(T < t) = 0.0000         Pr(|T| > |t|) = 0.0000          Pr(T > t) = 1.0000

. ttest PFRY2, by(STATE)

Two-sample t test with equal variances
------------------------------------------------------------------------------
   Group |     Obs        Mean    Std. err.   Std. dev.   [95% conf. interval]
---------+--------------------------------------------------------------------
       0 |      73     .859863    .0111539    .0952991    .8376281    .8820979
       1 |     309    .9604531    .0058889    .1035182    .9488654    .9720407
---------+--------------------------------------------------------------------
Combined |     382    .9412304    .0055925    .1093037    .9302344    .9522263
---------+--------------------------------------------------------------------
    diff |           -.1005901    .0132752               -.1266921    -.074488
------------------------------------------------------------------------------
    diff = mean(0) - mean(1)                                      t =  -7.5773
H0: diff = 0                                     Degrees of freedom =      380

    Ha: diff < 0                 Ha: diff != 0                 Ha: diff > 0
 Pr(T < t) = 0.0000         Pr(|T| > |t|) = 0.0000          Pr(T > t) = 1.0000

. ttest PENTREE2, by(STATE)

Two-sample t test with equal variances
------------------------------------------------------------------------------
   Group |     Obs        Mean    Std. err.   Std. dev.   [95% conf. interval]
---------+--------------------------------------------------------------------
       0 |      75    1.185467    .0667372    .5779607     1.05249    1.318443
       1 |     311    1.394727    .0374407    .6602745    1.321057    1.468397
---------+--------------------------------------------------------------------
Combined |     386    1.354067     .033069    .6497019    1.289049    1.419086
---------+--------------------------------------------------------------------
    diff |             -.20926    .0830036               -.3724584   -.0460616
------------------------------------------------------------------------------
    diff = mean(0) - mean(1)                                      t =  -2.5211
H0: diff = 0                                     Degrees of freedom =      384

    Ha: diff < 0                 Ha: diff != 0                 Ha: diff > 0
 Pr(T < t) = 0.0061         Pr(|T| > |t|) = 0.0121          Pr(T > t) = 0.9939

. 
. *------------------------------------------------------------*
. * d)Figure 1: Distribution of Starting Wage Rates (CK 1994)
. *------------------------------------------------------------*
. 
. * bar color black-and-white
. set scheme s2mono

. 
. * Bin settings to match the paper's x-axis: 4.25 to ~5.55 in $0.10 steps
. local start 4.25

. local width 0.10

. 
. *----------------------------*
. * Panel A: February 1992
. *----------------------------*
. twoway ///
>  (histogram WAGE_ST if STATE==1 & !missing(WAGE_ST), ///
>      start(`start') width(`width') percent ///
>      fcolor(black%60) lcolor(black)) ///
>  (histogram WAGE_ST if STATE==0 & !missing(WAGE_ST), ///
>      start(`start') width(`width') percent ///
>      fcolor(none) lcolor(black) lpattern(dash)), ///
>  legend(order(1 "New Jersey" 2 "Pennsylvania") pos(11) ring(0) cols(1)) ///
>  title("February 1992") ///
>  ytitle("Percent of Stores") xtitle("Wage Range") ///
>  graphregion(color(white)) plotregion(margin(zero))

. 
. graph save "fig_wave1.gph", replace
file fig_wave1.gph saved

. graph export "fig_wave1.png", replace
file /Users/yuanhaining/Desktop/fig_wave1.png saved as PNG format

. 
. *----------------------------*
. * Panel B: November 1992
. *----------------------------*
. twoway ///
>  (histogram WAGE_ST2 if STATE==1 & !missing(WAGE_ST2), ///
>      start(`start') width(`width') percent ///
>      fcolor(black%60) lcolor(black)) ///
>  (histogram WAGE_ST2 if STATE==0 & !missing(WAGE_ST2), ///
>      start(`start') width(`width') percent ///
>      fcolor(none) lcolor(black) lpattern(dash)), ///
>  legend(order(1 "New Jersey" 2 "Pennsylvania") pos(11) ring(0) cols(1)) ///
>  title("November 1992") ///
>  ytitle("Percent of Stores") xtitle("Wage Range") ///
>  graphregion(color(white)) plotregion(margin(zero))

. 
. graph save "fig_wave2.gph", replace
file fig_wave2.gph saved

. graph export "fig_wave2.png", replace
file /Users/yuanhaining/Desktop/fig_wave2.png saved as PNG format

. 
. *----------------------------*
. * Combine vertically (like the paper)
. *----------------------------*
. graph combine "fig_wave1.gph" "fig_wave2.gph", ///
>     col(1) imargin(zero) ///
>     title(
parentheses do not balance
r(198);

end of do-file

r(198);

. do "/var/folders/n6/b63hv83n6kv6klpfspjfc53c0000gn/T//SD16029.000000"

. *------------------------------------------------------------*
. * e) table 3 and 4
. *------------------------------------------------------------*
. 
. /* Safe rebuild of helper vars */
. capture drop FTE1 FTE2 balanced closed2 FTE2z dFTE dFTEz nj_low nj_mid nj_high

. gen FTE1 = EMPFT  + 0.5*EMPPT
variable FTE1 already defined
r(110);

end of do-file

r(110);

. do "/var/folders/n6/b63hv83n6kv6klpfspjfc53c0000gn/T//SD16029.000000"

. * --- Q4 setup: load Card & Krueger data ---
. clear all

. set more off

. 
. * Set the working directory
. cd "/Users/yuanhaining/Desktop/"
/Users/yuanhaining/Desktop

. 
. * Load the dataset
.  use cardnj.dta, clear

.  
. * part c:  Table 2 from Card & Krueger (1994)
. * Verify data structure
. describe

Contains data from cardnj.dta
 Observations:           410                  
    Variables:            46                  5 Nov 2021 04:00
--------------------------------------------------------------------------------------------------
Variable      Storage   Display    Value
    name         type    format    label      Variable label
--------------------------------------------------------------------------------------------------
SHEET           float   %9.0g                 sheet number (unique store id)
CHAIN           byte    %8.0g                 chain 1=bk; 2=kfc; 3=roys; 4=wendys
CO_OWNED        byte    %8.0g                 1 if company owned
STATE           byte    %8.0g                 1 if NJ; 0 if Pa
SOUTHJ          byte    %8.0g                 1 if in southern NJ
CENTRALJ        byte    %8.0g                 1 if in central NJ
NORTHJ          byte    %8.0g                 1 if in northern NJ
PA1             byte    %8.0g                 1 if in PA, northeast suburbs of Phila
PA2             byte    %8.0g                 1 if in PA, Easton etc
SHORE           byte    %8.0g                 1 if on NJ shore
NCALLS          float   %9.0g                 number of call-backs*
EMPFT           float   %9.0g                 # full-time employees
EMPPT           float   %9.0g                 # part-time employees
NMGRS           float   %9.0g                 # managers/ass't managers
WAGE_ST         float   %9.0g                 starting wage ($/hr)
INCTIME         float   %9.0g                 months to usual first raise
FIRSTINC        float   %9.0g                 usual amount of first raise ($/hr)
BONUS           byte    %8.0g                 1 if cash bounty for new workers
PCTAFF          float   %9.0g                 % employees affected by new minimum
MEALS           byte    %8.0g                 free/reduced price code (See below)
OPEN            float   %9.0g                 hour of opening
HRSOPEN         float   %9.0g                 number hrs open per day
PSODA           float   %9.0g                 price of medium soda, including tax
PFRY            float   %9.0g                 price of small fries, including tax
PENTREE         float   %9.0g                 price of entree, including tax
NREGS           float   %9.0g                 number of cash registers in store
NREGS11         float   %9.0g                 number of registers open at 11:00 am
TYPE2           byte    %8.0g                 type 2nd interview 1=phone; 2=personal
STATUS2         byte    %8.0g                 status of second interview: see below
DATE2           float   %td                   date of second interview MMDDYY format
NCALLS2         float   %9.0g                 number of call-backs*
EMPFT2          float   %9.0g                 # full-time employees
EMPPT2          float   %9.0g                 # part-time employees
NMGRS2          float   %9.0g                 # managers/ass't managers
WAGE_ST2        float   %9.0g                 starting wage ($/hr)
INCTIME2        float   %9.0g                 months to usual first raise
FIRSTIN2        float   %9.0g                 usual amount of first raise ($/hr)
SPECIAL2        byte    %8.0g                 1 if special program for new workers
MEALS2          byte    %8.0g                 free/reduced price code (See below)
OPEN2R          float   %9.0g                 hour of opening
HRSOPEN2        float   %9.0g                 number hrs open per day
PSODA2          float   %9.0g                 price of medium soda, including tax
PFRY2           float   %9.0g                 price of small fries, including tax
PENTREE2        float   %9.0g                 price of entree, including tax
NREGS2          float   %9.0g                 number of cash registers in store
NREGS112        float   %9.0g                 number of registers open at 11:00 am
--------------------------------------------------------------------------------------------------
Sorted by: 

. * ️1 Distribution of store types (Burger King, KFC, Roy Rogers, Wendy's)
. tab CHAIN STATE, col

+-------------------+
| Key               |
|-------------------|
|     frequency     |
| column percentage |
+-------------------+

     chain |
     1=bk; |
    2=kfc; |
   3=roys; |   1 if NJ; 0 if Pa
  4=wendys |         0          1 |     Total
-----------+----------------------+----------
         1 |        35        136 |       171 
           |     44.30      41.09 |     41.71 
-----------+----------------------+----------
         2 |        12         68 |        80 
           |     15.19      20.54 |     19.51 
-----------+----------------------+----------
         3 |        17         82 |        99 
           |     21.52      24.77 |     24.15 
-----------+----------------------+----------
         4 |        15         45 |        60 
           |     18.99      13.60 |     14.63 
-----------+----------------------+----------
     Total |        79        331 |       410 
           |    100.00     100.00 |    100.00 

. 
. * 2 Create full-time-equivalent (FTE) employment for Wave 1
. gen FTE1 = EMPFT + 0.5*EMPPT
(6 missing values generated)

. 
. * 3 Calculate summary statistics for Wave 1 (Pre-treatment)
. bysort STATE: summarize FTE1 EMPFT EMPPT NMGRS WAGE_ST PSODA PFRY PENTREE HRSOPEN

--------------------------------------------------------------------------------------------------
-> STATE = 0

    Variable |        Obs        Mean    Std. dev.       Min        Max
-------------+---------------------------------------------------------
        FTE1 |         78    19.94872    11.67994        4.5       67.5
       EMPFT |         78    10.20513    10.77589          0         50
       EMPPT |         78    19.48718    9.577427          2         55
       NMGRS |         78    3.538462    1.101266          1          7
     WAGE_ST |         76    4.630132    .3516873       4.25        5.5
-------------+---------------------------------------------------------
       PSODA |         77    .9746753    .0694827        .73       1.13
        PFRY |         77     .841948      .08751        .69       1.05
     PENTREE |         77    1.215065    .6228893        .52        3.5
     HRSOPEN |         79    14.52532    2.951422          8         24

--------------------------------------------------------------------------------------------------
-> STATE = 1

    Variable |        Obs        Mean    Std. dev.       Min        Max
-------------+---------------------------------------------------------
        FTE1 |        326    17.06518    8.727993          3         80
       EMPFT |        326    7.723926     7.96389          0         60
       EMPPT |        328     18.6753    10.20586          0         60
       NMGRS |        326    3.392025    .9972875          1         10
     WAGE_ST |        314    4.612134    .3463505       4.25       5.75
-------------+---------------------------------------------------------
       PSODA |        325    1.061508    .0845789        .85       1.49
        PFRY |        316    .9414873    .1007779        .67       1.27
     PENTREE |        321    1.347882    .6461413        .49       3.95
     HRSOPEN |        331    14.41843    2.779414          7         24


. 
. * 4 Create FTE for Wave 2
. gen FTE2 = EMPFT2 + 0.5*EMPPT2
(13 missing values generated)

. 
. * 5 Summary statistics for Wave 2 (Post-treatment)
. bysort STATE: summarize FTE2 EMPFT2 EMPPT2 NMGRS2 WAGE_ST2 PSODA2 PFRY2 PENTREE2 HRSOPEN2

--------------------------------------------------------------------------------------------------
-> STATE = 0

    Variable |        Obs        Mean    Std. dev.       Min        Max
-------------+---------------------------------------------------------
        FTE2 |         77    17.54221    7.909272          0      38.25
      EMPFT2 |         77    7.564935    8.492005          0         35
      EMPPT2 |         77    19.95455    10.20422          0         48
      NMGRS2 |         78    3.641026    1.289058          0          8
    WAGE_ST2 |         71    4.617465    .3574781       4.25       6.25
-------------+---------------------------------------------------------
      PSODA2 |         77    .9754545     .084348        .41       1.11
       PFRY2 |         73     .859863    .0952991        .69       1.11
    PENTREE2 |         75    1.185467    .5779607        .63       2.64
    HRSOPEN2 |         78    14.65385    2.887847          9         24

--------------------------------------------------------------------------------------------------
-> STATE = 1

    Variable |        Obs        Mean    Std. dev.       Min        Max
-------------+---------------------------------------------------------
        FTE2 |        320    17.57266    8.778737          0       55.5
      EMPFT2 |        321    8.445483    7.844942          0         40
      EMPPT2 |        323    18.37307    10.80736          0         60
      NMGRS2 |        326    3.446319    1.100085          0          8
    WAGE_ST2 |        318    5.080849    .1045445          5       5.75
-------------+---------------------------------------------------------
      PSODA2 |        311    1.062154    .0876845        .84        1.4
       PFRY2 |        309    .9604531    .1035182        .73       1.37
    PENTREE2 |        311    1.394727    .6602745        .41       2.85
    HRSOPEN2 |        321    14.41978    2.721297          8         24


. 
. * 6 t-tests comparing NJ vs. PA
. ttest FTE1, by(STATE)

Two-sample t test with equal variances
------------------------------------------------------------------------------
   Group |     Obs        Mean    Std. err.   Std. dev.   [95% conf. interval]
---------+--------------------------------------------------------------------
       0 |      78    19.94872    1.322493    11.67994     17.3153    22.58214
       1 |     326    17.06518    .4833988    8.727993     16.1142    18.01617
---------+--------------------------------------------------------------------
Combined |     404    17.62191    .4688249    9.423264    16.70026    18.54355
---------+--------------------------------------------------------------------
    diff |            2.883534    1.180528                .5627538    5.204314
------------------------------------------------------------------------------
    diff = mean(0) - mean(1)                                      t =   2.4426
H0: diff = 0                                     Degrees of freedom =      402

    Ha: diff < 0                 Ha: diff != 0                 Ha: diff > 0
 Pr(T < t) = 0.9925         Pr(|T| > |t|) = 0.0150          Pr(T > t) = 0.0075

. ttest FTE2, by(STATE)

Two-sample t test with equal variances
------------------------------------------------------------------------------
   Group |     Obs        Mean    Std. err.   Std. dev.   [95% conf. interval]
---------+--------------------------------------------------------------------
       0 |      77    17.54221    .9013452    7.909272    15.74702    19.33739
       1 |     320    17.57266    .4907463    8.778737    16.60715    18.53816
---------+--------------------------------------------------------------------
Combined |     397    17.56675    .4319923    8.607385    16.71747    18.41604
---------+--------------------------------------------------------------------
    diff |           -.0304485    1.093943               -2.181127     2.12023
------------------------------------------------------------------------------
    diff = mean(0) - mean(1)                                      t =  -0.0278
H0: diff = 0                                     Degrees of freedom =      395

    Ha: diff < 0                 Ha: diff != 0                 Ha: diff > 0
 Pr(T < t) = 0.4889         Pr(|T| > |t|) = 0.9778          Pr(T > t) = 0.5111

. ttest WAGE_ST, by(STATE)

Two-sample t test with equal variances
------------------------------------------------------------------------------
   Group |     Obs        Mean    Std. err.   Std. dev.   [95% conf. interval]
---------+--------------------------------------------------------------------
       0 |      76    4.630132    .0403413    .3516873    4.549768    4.710496
       1 |     314    4.612134    .0195457    .3463505    4.573676    4.650591
---------+--------------------------------------------------------------------
Combined |     390    4.615641    .0175718    .3470151    4.581093    4.650189
---------+--------------------------------------------------------------------
    diff |            .0179978    .0444095               -.0693156    .1053113
------------------------------------------------------------------------------
    diff = mean(0) - mean(1)                                      t =   0.4053
H0: diff = 0                                     Degrees of freedom =      388

    Ha: diff < 0                 Ha: diff != 0                 Ha: diff > 0
 Pr(T < t) = 0.6572         Pr(|T| > |t|) = 0.6855          Pr(T > t) = 0.3428

. ttest WAGE_ST2, by(STATE)

Two-sample t test with equal variances
------------------------------------------------------------------------------
   Group |     Obs        Mean    Std. err.   Std. dev.   [95% conf. interval]
---------+--------------------------------------------------------------------
       0 |      71    4.617465    .0424249    .3574781    4.532851    4.702078
       1 |     318    5.080849    .0058626    .1045445    5.069315    5.092384
---------+--------------------------------------------------------------------
Combined |     389    4.996273    .0128373    .2531905    4.971033    5.021512
---------+--------------------------------------------------------------------
    diff |           -.4633844    .0235051               -.5095982   -.4171707
------------------------------------------------------------------------------
    diff = mean(0) - mean(1)                                      t = -19.7142
H0: diff = 0                                     Degrees of freedom =      387

    Ha: diff < 0                 Ha: diff != 0                 Ha: diff > 0
 Pr(T < t) = 0.0000         Pr(|T| > |t|) = 0.0000          Pr(T > t) = 1.0000

. ttest PSODA2, by(STATE)

Two-sample t test with equal variances
------------------------------------------------------------------------------
   Group |     Obs        Mean    Std. err.   Std. dev.   [95% conf. interval]
---------+--------------------------------------------------------------------
       0 |      77    .9754545    .0096124     .084348    .9563099    .9945992
       1 |     311    1.062154    .0049721    .0876845    1.052371    1.071938
---------+--------------------------------------------------------------------
Combined |     388    1.044948    .0047501     .093567    1.035609    1.054288
---------+--------------------------------------------------------------------
    diff |           -.0866998    .0110789               -.1084824   -.0649172
------------------------------------------------------------------------------
    diff = mean(0) - mean(1)                                      t =  -7.8256
H0: diff = 0                                     Degrees of freedom =      386

    Ha: diff < 0                 Ha: diff != 0                 Ha: diff > 0
 Pr(T < t) = 0.0000         Pr(|T| > |t|) = 0.0000          Pr(T > t) = 1.0000

. ttest PFRY2, by(STATE)

Two-sample t test with equal variances
------------------------------------------------------------------------------
   Group |     Obs        Mean    Std. err.   Std. dev.   [95% conf. interval]
---------+--------------------------------------------------------------------
       0 |      73     .859863    .0111539    .0952991    .8376281    .8820979
       1 |     309    .9604531    .0058889    .1035182    .9488654    .9720407
---------+--------------------------------------------------------------------
Combined |     382    .9412304    .0055925    .1093037    .9302344    .9522263
---------+--------------------------------------------------------------------
    diff |           -.1005901    .0132752               -.1266921    -.074488
------------------------------------------------------------------------------
    diff = mean(0) - mean(1)                                      t =  -7.5773
H0: diff = 0                                     Degrees of freedom =      380

    Ha: diff < 0                 Ha: diff != 0                 Ha: diff > 0
 Pr(T < t) = 0.0000         Pr(|T| > |t|) = 0.0000          Pr(T > t) = 1.0000

. ttest PENTREE2, by(STATE)

Two-sample t test with equal variances
------------------------------------------------------------------------------
   Group |     Obs        Mean    Std. err.   Std. dev.   [95% conf. interval]
---------+--------------------------------------------------------------------
       0 |      75    1.185467    .0667372    .5779607     1.05249    1.318443
       1 |     311    1.394727    .0374407    .6602745    1.321057    1.468397
---------+--------------------------------------------------------------------
Combined |     386    1.354067     .033069    .6497019    1.289049    1.419086
---------+--------------------------------------------------------------------
    diff |             -.20926    .0830036               -.3724584   -.0460616
------------------------------------------------------------------------------
    diff = mean(0) - mean(1)                                      t =  -2.5211
H0: diff = 0                                     Degrees of freedom =      384

    Ha: diff < 0                 Ha: diff != 0                 Ha: diff > 0
 Pr(T < t) = 0.0061         Pr(|T| > |t|) = 0.0121          Pr(T > t) = 0.9939

. 
. *------------------------------------------------------------*
. * d)Figure 1: Distribution of Starting Wage Rates (CK 1994)
. *------------------------------------------------------------*
. 
. * bar color black-and-white
. set scheme s2mono

. 
. * Bin settings to match the paper's x-axis: 4.25 to ~5.55 in $0.10 steps
. local start 4.25

. local width 0.10

. 
. *----------------------------*
. * Panel A: February 1992
. *----------------------------*
. twoway ///
>  (histogram WAGE_ST if STATE==1 & !missing(WAGE_ST), ///
>      start(`start') width(`width') percent ///
>      fcolor(black%60) lcolor(black)) ///
>  (histogram WAGE_ST if STATE==0 & !missing(WAGE_ST), ///
>      start(`start') width(`width') percent ///
>      fcolor(none) lcolor(black) lpattern(dash)), ///
>  legend(order(1 "New Jersey" 2 "Pennsylvania") pos(11) ring(0) cols(1)) ///
>  title("February 1992") ///
>  ytitle("Percent of Stores") xtitle("Wage Range") ///
>  graphregion(color(white)) plotregion(margin(zero))

. 
. graph save "fig_wave1.gph", replace
file fig_wave1.gph saved

. graph export "fig_wave1.png", replace
file /Users/yuanhaining/Desktop/fig_wave1.png saved as PNG format

. 
. *----------------------------*
. * Panel B: November 1992
. *----------------------------*
. twoway ///
>  (histogram WAGE_ST2 if STATE==1 & !missing(WAGE_ST2), ///
>      start(`start') width(`width') percent ///
>      fcolor(black%60) lcolor(black)) ///
>  (histogram WAGE_ST2 if STATE==0 & !missing(WAGE_ST2), ///
>      start(`start') width(`width') percent ///
>      fcolor(none) lcolor(black) lpattern(dash)), ///
>  legend(order(1 "New Jersey" 2 "Pennsylvania") pos(11) ring(0) cols(1)) ///
>  title("November 1992") ///
>  ytitle("Percent of Stores") xtitle("Wage Range") ///
>  graphregion(color(white)) plotregion(margin(zero))

. 
. graph save "fig_wave2.gph", replace
file fig_wave2.gph saved

. graph export "fig_wave2.png", replace
file /Users/yuanhaining/Desktop/fig_wave2.png saved as PNG format

. 
. *----------------------------*
. * Combine vertically (like the paper)
. *----------------------------*
. graph combine "fig_wave1.gph" "fig_wave2.gph", ///
>     col(1) imargin(zero) ///
>     title(
parentheses do not balance
r(198);

end of do-file

r(198);

. do "/var/folders/n6/b63hv83n6kv6klpfspjfc53c0000gn/T//SD16029.000000"

. * --- Q4 setup: load Card & Krueger data ---
. clear all

. set more off

. 
. * Set the working directory
. cd "/Users/yuanhaining/Desktop/"
/Users/yuanhaining/Desktop

. 
. * Load the dataset
.  use cardnj.dta, clear

.  
. * part c:  Table 2 from Card & Krueger (1994)
. * Verify data structure
. describe

Contains data from cardnj.dta
 Observations:           410                  
    Variables:            46                  5 Nov 2021 04:00
--------------------------------------------------------------------------------------------------
Variable      Storage   Display    Value
    name         type    format    label      Variable label
--------------------------------------------------------------------------------------------------
SHEET           float   %9.0g                 sheet number (unique store id)
CHAIN           byte    %8.0g                 chain 1=bk; 2=kfc; 3=roys; 4=wendys
CO_OWNED        byte    %8.0g                 1 if company owned
STATE           byte    %8.0g                 1 if NJ; 0 if Pa
SOUTHJ          byte    %8.0g                 1 if in southern NJ
CENTRALJ        byte    %8.0g                 1 if in central NJ
NORTHJ          byte    %8.0g                 1 if in northern NJ
PA1             byte    %8.0g                 1 if in PA, northeast suburbs of Phila
PA2             byte    %8.0g                 1 if in PA, Easton etc
SHORE           byte    %8.0g                 1 if on NJ shore
NCALLS          float   %9.0g                 number of call-backs*
EMPFT           float   %9.0g                 # full-time employees
EMPPT           float   %9.0g                 # part-time employees
NMGRS           float   %9.0g                 # managers/ass't managers
WAGE_ST         float   %9.0g                 starting wage ($/hr)
INCTIME         float   %9.0g                 months to usual first raise
FIRSTINC        float   %9.0g                 usual amount of first raise ($/hr)
BONUS           byte    %8.0g                 1 if cash bounty for new workers
PCTAFF          float   %9.0g                 % employees affected by new minimum
MEALS           byte    %8.0g                 free/reduced price code (See below)
OPEN            float   %9.0g                 hour of opening
HRSOPEN         float   %9.0g                 number hrs open per day
PSODA           float   %9.0g                 price of medium soda, including tax
PFRY            float   %9.0g                 price of small fries, including tax
PENTREE         float   %9.0g                 price of entree, including tax
NREGS           float   %9.0g                 number of cash registers in store
NREGS11         float   %9.0g                 number of registers open at 11:00 am
TYPE2           byte    %8.0g                 type 2nd interview 1=phone; 2=personal
STATUS2         byte    %8.0g                 status of second interview: see below
DATE2           float   %td                   date of second interview MMDDYY format
NCALLS2         float   %9.0g                 number of call-backs*
EMPFT2          float   %9.0g                 # full-time employees
EMPPT2          float   %9.0g                 # part-time employees
NMGRS2          float   %9.0g                 # managers/ass't managers
WAGE_ST2        float   %9.0g                 starting wage ($/hr)
INCTIME2        float   %9.0g                 months to usual first raise
FIRSTIN2        float   %9.0g                 usual amount of first raise ($/hr)
SPECIAL2        byte    %8.0g                 1 if special program for new workers
MEALS2          byte    %8.0g                 free/reduced price code (See below)
OPEN2R          float   %9.0g                 hour of opening
HRSOPEN2        float   %9.0g                 number hrs open per day
PSODA2          float   %9.0g                 price of medium soda, including tax
PFRY2           float   %9.0g                 price of small fries, including tax
PENTREE2        float   %9.0g                 price of entree, including tax
NREGS2          float   %9.0g                 number of cash registers in store
NREGS112        float   %9.0g                 number of registers open at 11:00 am
--------------------------------------------------------------------------------------------------
Sorted by: 

. * ️1 Distribution of store types (Burger King, KFC, Roy Rogers, Wendy's)
. tab CHAIN STATE, col

+-------------------+
| Key               |
|-------------------|
|     frequency     |
| column percentage |
+-------------------+

     chain |
     1=bk; |
    2=kfc; |
   3=roys; |   1 if NJ; 0 if Pa
  4=wendys |         0          1 |     Total
-----------+----------------------+----------
         1 |        35        136 |       171 
           |     44.30      41.09 |     41.71 
-----------+----------------------+----------
         2 |        12         68 |        80 
           |     15.19      20.54 |     19.51 
-----------+----------------------+----------
         3 |        17         82 |        99 
           |     21.52      24.77 |     24.15 
-----------+----------------------+----------
         4 |        15         45 |        60 
           |     18.99      13.60 |     14.63 
-----------+----------------------+----------
     Total |        79        331 |       410 
           |    100.00     100.00 |    100.00 

. 
. * 2 Create full-time-equivalent (FTE) employment for Wave 1
. gen FTE1 = EMPFT + 0.5*EMPPT
(6 missing values generated)

. 
. * 3 Calculate summary statistics for Wave 1 (Pre-treatment)
. bysort STATE: summarize FTE1 EMPFT EMPPT NMGRS WAGE_ST PSODA PFRY PENTREE HRSOPEN

--------------------------------------------------------------------------------------------------
-> STATE = 0

    Variable |        Obs        Mean    Std. dev.       Min        Max
-------------+---------------------------------------------------------
        FTE1 |         78    19.94872    11.67994        4.5       67.5
       EMPFT |         78    10.20513    10.77589          0         50
       EMPPT |         78    19.48718    9.577427          2         55
       NMGRS |         78    3.538462    1.101266          1          7
     WAGE_ST |         76    4.630132    .3516873       4.25        5.5
-------------+---------------------------------------------------------
       PSODA |         77    .9746753    .0694827        .73       1.13
        PFRY |         77     .841948      .08751        .69       1.05
     PENTREE |         77    1.215065    .6228893        .52        3.5
     HRSOPEN |         79    14.52532    2.951422          8         24

--------------------------------------------------------------------------------------------------
-> STATE = 1

    Variable |        Obs        Mean    Std. dev.       Min        Max
-------------+---------------------------------------------------------
        FTE1 |        326    17.06518    8.727993          3         80
       EMPFT |        326    7.723926     7.96389          0         60
       EMPPT |        328     18.6753    10.20586          0         60
       NMGRS |        326    3.392025    .9972875          1         10
     WAGE_ST |        314    4.612134    .3463505       4.25       5.75
-------------+---------------------------------------------------------
       PSODA |        325    1.061508    .0845789        .85       1.49
        PFRY |        316    .9414873    .1007779        .67       1.27
     PENTREE |        321    1.347882    .6461413        .49       3.95
     HRSOPEN |        331    14.41843    2.779414          7         24


. 
. * 4 Create FTE for Wave 2
. gen FTE2 = EMPFT2 + 0.5*EMPPT2
(13 missing values generated)

. 
. * 5 Summary statistics for Wave 2 (Post-treatment)
. bysort STATE: summarize FTE2 EMPFT2 EMPPT2 NMGRS2 WAGE_ST2 PSODA2 PFRY2 PENTREE2 HRSOPEN2

--------------------------------------------------------------------------------------------------
-> STATE = 0

    Variable |        Obs        Mean    Std. dev.       Min        Max
-------------+---------------------------------------------------------
        FTE2 |         77    17.54221    7.909272          0      38.25
      EMPFT2 |         77    7.564935    8.492005          0         35
      EMPPT2 |         77    19.95455    10.20422          0         48
      NMGRS2 |         78    3.641026    1.289058          0          8
    WAGE_ST2 |         71    4.617465    .3574781       4.25       6.25
-------------+---------------------------------------------------------
      PSODA2 |         77    .9754545     .084348        .41       1.11
       PFRY2 |         73     .859863    .0952991        .69       1.11
    PENTREE2 |         75    1.185467    .5779607        .63       2.64
    HRSOPEN2 |         78    14.65385    2.887847          9         24

--------------------------------------------------------------------------------------------------
-> STATE = 1

    Variable |        Obs        Mean    Std. dev.       Min        Max
-------------+---------------------------------------------------------
        FTE2 |        320    17.57266    8.778737          0       55.5
      EMPFT2 |        321    8.445483    7.844942          0         40
      EMPPT2 |        323    18.37307    10.80736          0         60
      NMGRS2 |        326    3.446319    1.100085          0          8
    WAGE_ST2 |        318    5.080849    .1045445          5       5.75
-------------+---------------------------------------------------------
      PSODA2 |        311    1.062154    .0876845        .84        1.4
       PFRY2 |        309    .9604531    .1035182        .73       1.37
    PENTREE2 |        311    1.394727    .6602745        .41       2.85
    HRSOPEN2 |        321    14.41978    2.721297          8         24


. 
. * 6 t-tests comparing NJ vs. PA
. ttest FTE1, by(STATE)

Two-sample t test with equal variances
------------------------------------------------------------------------------
   Group |     Obs        Mean    Std. err.   Std. dev.   [95% conf. interval]
---------+--------------------------------------------------------------------
       0 |      78    19.94872    1.322493    11.67994     17.3153    22.58214
       1 |     326    17.06518    .4833988    8.727993     16.1142    18.01617
---------+--------------------------------------------------------------------
Combined |     404    17.62191    .4688249    9.423264    16.70026    18.54355
---------+--------------------------------------------------------------------
    diff |            2.883534    1.180528                .5627538    5.204314
------------------------------------------------------------------------------
    diff = mean(0) - mean(1)                                      t =   2.4426
H0: diff = 0                                     Degrees of freedom =      402

    Ha: diff < 0                 Ha: diff != 0                 Ha: diff > 0
 Pr(T < t) = 0.9925         Pr(|T| > |t|) = 0.0150          Pr(T > t) = 0.0075

. ttest FTE2, by(STATE)

Two-sample t test with equal variances
------------------------------------------------------------------------------
   Group |     Obs        Mean    Std. err.   Std. dev.   [95% conf. interval]
---------+--------------------------------------------------------------------
       0 |      77    17.54221    .9013452    7.909272    15.74702    19.33739
       1 |     320    17.57266    .4907463    8.778737    16.60715    18.53816
---------+--------------------------------------------------------------------
Combined |     397    17.56675    .4319923    8.607385    16.71747    18.41604
---------+--------------------------------------------------------------------
    diff |           -.0304485    1.093943               -2.181127     2.12023
------------------------------------------------------------------------------
    diff = mean(0) - mean(1)                                      t =  -0.0278
H0: diff = 0                                     Degrees of freedom =      395

    Ha: diff < 0                 Ha: diff != 0                 Ha: diff > 0
 Pr(T < t) = 0.4889         Pr(|T| > |t|) = 0.9778          Pr(T > t) = 0.5111

. ttest WAGE_ST, by(STATE)

Two-sample t test with equal variances
------------------------------------------------------------------------------
   Group |     Obs        Mean    Std. err.   Std. dev.   [95% conf. interval]
---------+--------------------------------------------------------------------
       0 |      76    4.630132    .0403413    .3516873    4.549768    4.710496
       1 |     314    4.612134    .0195457    .3463505    4.573676    4.650591
---------+--------------------------------------------------------------------
Combined |     390    4.615641    .0175718    .3470151    4.581093    4.650189
---------+--------------------------------------------------------------------
    diff |            .0179978    .0444095               -.0693156    .1053113
------------------------------------------------------------------------------
    diff = mean(0) - mean(1)                                      t =   0.4053
H0: diff = 0                                     Degrees of freedom =      388

    Ha: diff < 0                 Ha: diff != 0                 Ha: diff > 0
 Pr(T < t) = 0.6572         Pr(|T| > |t|) = 0.6855          Pr(T > t) = 0.3428

. ttest WAGE_ST2, by(STATE)

Two-sample t test with equal variances
------------------------------------------------------------------------------
   Group |     Obs        Mean    Std. err.   Std. dev.   [95% conf. interval]
---------+--------------------------------------------------------------------
       0 |      71    4.617465    .0424249    .3574781    4.532851    4.702078
       1 |     318    5.080849    .0058626    .1045445    5.069315    5.092384
---------+--------------------------------------------------------------------
Combined |     389    4.996273    .0128373    .2531905    4.971033    5.021512
---------+--------------------------------------------------------------------
    diff |           -.4633844    .0235051               -.5095982   -.4171707
------------------------------------------------------------------------------
    diff = mean(0) - mean(1)                                      t = -19.7142
H0: diff = 0                                     Degrees of freedom =      387

    Ha: diff < 0                 Ha: diff != 0                 Ha: diff > 0
 Pr(T < t) = 0.0000         Pr(|T| > |t|) = 0.0000          Pr(T > t) = 1.0000

. ttest PSODA2, by(STATE)

Two-sample t test with equal variances
------------------------------------------------------------------------------
   Group |     Obs        Mean    Std. err.   Std. dev.   [95% conf. interval]
---------+--------------------------------------------------------------------
       0 |      77    .9754545    .0096124     .084348    .9563099    .9945992
       1 |     311    1.062154    .0049721    .0876845    1.052371    1.071938
---------+--------------------------------------------------------------------
Combined |     388    1.044948    .0047501     .093567    1.035609    1.054288
---------+--------------------------------------------------------------------
    diff |           -.0866998    .0110789               -.1084824   -.0649172
------------------------------------------------------------------------------
    diff = mean(0) - mean(1)                                      t =  -7.8256
H0: diff = 0                                     Degrees of freedom =      386

    Ha: diff < 0                 Ha: diff != 0                 Ha: diff > 0
 Pr(T < t) = 0.0000         Pr(|T| > |t|) = 0.0000          Pr(T > t) = 1.0000

. ttest PFRY2, by(STATE)

Two-sample t test with equal variances
------------------------------------------------------------------------------
   Group |     Obs        Mean    Std. err.   Std. dev.   [95% conf. interval]
---------+--------------------------------------------------------------------
       0 |      73     .859863    .0111539    .0952991    .8376281    .8820979
       1 |     309    .9604531    .0058889    .1035182    .9488654    .9720407
---------+--------------------------------------------------------------------
Combined |     382    .9412304    .0055925    .1093037    .9302344    .9522263
---------+--------------------------------------------------------------------
    diff |           -.1005901    .0132752               -.1266921    -.074488
------------------------------------------------------------------------------
    diff = mean(0) - mean(1)                                      t =  -7.5773
H0: diff = 0                                     Degrees of freedom =      380

    Ha: diff < 0                 Ha: diff != 0                 Ha: diff > 0
 Pr(T < t) = 0.0000         Pr(|T| > |t|) = 0.0000          Pr(T > t) = 1.0000

. ttest PENTREE2, by(STATE)

Two-sample t test with equal variances
------------------------------------------------------------------------------
   Group |     Obs        Mean    Std. err.   Std. dev.   [95% conf. interval]
---------+--------------------------------------------------------------------
       0 |      75    1.185467    .0667372    .5779607     1.05249    1.318443
       1 |     311    1.394727    .0374407    .6602745    1.321057    1.468397
---------+--------------------------------------------------------------------
Combined |     386    1.354067     .033069    .6497019    1.289049    1.419086
---------+--------------------------------------------------------------------
    diff |             -.20926    .0830036               -.3724584   -.0460616
------------------------------------------------------------------------------
    diff = mean(0) - mean(1)                                      t =  -2.5211
H0: diff = 0                                     Degrees of freedom =      384

    Ha: diff < 0                 Ha: diff != 0                 Ha: diff > 0
 Pr(T < t) = 0.0061         Pr(|T| > |t|) = 0.0121          Pr(T > t) = 0.9939

. 
. *------------------------------------------------------------*
. * d)Figure 1: Distribution of Starting Wage Rates (CK 1994)
. *------------------------------------------------------------*
. 
. * bar color black-and-white
. set scheme s2mono

. 
. * Bin settings to match the paper's x-axis: 4.25 to ~5.55 in $0.10 steps
. local start 4.25

. local width 0.10

. 
. *----------------------------*
. * Panel A: February 1992
. *----------------------------*
. twoway ///
>  (histogram WAGE_ST if STATE==1 & !missing(WAGE_ST), ///
>      start(`start') width(`width') percent ///
>      fcolor(black%60) lcolor(black)) ///
>  (histogram WAGE_ST if STATE==0 & !missing(WAGE_ST), ///
>      start(`start') width(`width') percent ///
>      fcolor(none) lcolor(black) lpattern(dash)), ///
>  legend(order(1 "New Jersey" 2 "Pennsylvania") pos(11) ring(0) cols(1)) ///
>  title("February 1992") ///
>  ytitle("Percent of Stores") xtitle("Wage Range") ///
>  graphregion(color(white)) plotregion(margin(zero))

. 
. graph save "fig_wave1.gph", replace
file fig_wave1.gph saved

. graph export "fig_wave1.png", replace
file /Users/yuanhaining/Desktop/fig_wave1.png saved as PNG format

. 
. *----------------------------*
. * Panel B: November 1992
. *----------------------------*
. twoway ///
>  (histogram WAGE_ST2 if STATE==1 & !missing(WAGE_ST2), ///
>      start(`start') width(`width') percent ///
>      fcolor(black%60) lcolor(black)) ///
>  (histogram WAGE_ST2 if STATE==0 & !missing(WAGE_ST2), ///
>      start(`start') width(`width') percent ///
>      fcolor(none) lcolor(black) lpattern(dash)), ///
>  legend(order(1 "New Jersey" 2 "Pennsylvania") pos(11) ring(0) cols(1)) ///
>  title("November 1992") ///
>  ytitle("Percent of Stores") xtitle("Wage Range") ///
>  graphregion(color(white)) plotregion(margin(zero))

. 
. graph save "fig_wave2.gph", replace
file fig_wave2.gph saved

. graph export "fig_wave2.png", replace
file /Users/yuanhaining/Desktop/fig_wave2.png saved as PNG format

. 
. *----------------------------*
. * Combine vertically (like the paper)
. *----------------------------*
. graph combine "fig_wave1.gph" "fig_wave2.gph", ///
>     col(1) imargin(zero) ///
>     title(
parentheses do not balance
r(198);

end of do-file

r(198);

. do "/var/folders/n6/b63hv83n6kv6klpfspjfc53c0000gn/T//SD16029.000000"

. * --- Q4 setup: load Card & Krueger data ---
. clear all

. set more off

. 
. * Set the working directory
. cd "/Users/yuanhaining/Desktop/"
/Users/yuanhaining/Desktop

. 
. * Load the dataset
.  use cardnj.dta, clear

.  
. * part c:  Table 2 from Card & Krueger (1994)
. * Verify data structure
. describe

Contains data from cardnj.dta
 Observations:           410                  
    Variables:            46                  5 Nov 2021 04:00
--------------------------------------------------------------------------------------------------
Variable      Storage   Display    Value
    name         type    format    label      Variable label
--------------------------------------------------------------------------------------------------
SHEET           float   %9.0g                 sheet number (unique store id)
CHAIN           byte    %8.0g                 chain 1=bk; 2=kfc; 3=roys; 4=wendys
CO_OWNED        byte    %8.0g                 1 if company owned
STATE           byte    %8.0g                 1 if NJ; 0 if Pa
SOUTHJ          byte    %8.0g                 1 if in southern NJ
CENTRALJ        byte    %8.0g                 1 if in central NJ
NORTHJ          byte    %8.0g                 1 if in northern NJ
PA1             byte    %8.0g                 1 if in PA, northeast suburbs of Phila
PA2             byte    %8.0g                 1 if in PA, Easton etc
SHORE           byte    %8.0g                 1 if on NJ shore
NCALLS          float   %9.0g                 number of call-backs*
EMPFT           float   %9.0g                 # full-time employees
EMPPT           float   %9.0g                 # part-time employees
NMGRS           float   %9.0g                 # managers/ass't managers
WAGE_ST         float   %9.0g                 starting wage ($/hr)
INCTIME         float   %9.0g                 months to usual first raise
FIRSTINC        float   %9.0g                 usual amount of first raise ($/hr)
BONUS           byte    %8.0g                 1 if cash bounty for new workers
PCTAFF          float   %9.0g                 % employees affected by new minimum
MEALS           byte    %8.0g                 free/reduced price code (See below)
OPEN            float   %9.0g                 hour of opening
HRSOPEN         float   %9.0g                 number hrs open per day
PSODA           float   %9.0g                 price of medium soda, including tax
PFRY            float   %9.0g                 price of small fries, including tax
PENTREE         float   %9.0g                 price of entree, including tax
NREGS           float   %9.0g                 number of cash registers in store
NREGS11         float   %9.0g                 number of registers open at 11:00 am
TYPE2           byte    %8.0g                 type 2nd interview 1=phone; 2=personal
STATUS2         byte    %8.0g                 status of second interview: see below
DATE2           float   %td                   date of second interview MMDDYY format
NCALLS2         float   %9.0g                 number of call-backs*
EMPFT2          float   %9.0g                 # full-time employees
EMPPT2          float   %9.0g                 # part-time employees
NMGRS2          float   %9.0g                 # managers/ass't managers
WAGE_ST2        float   %9.0g                 starting wage ($/hr)
INCTIME2        float   %9.0g                 months to usual first raise
FIRSTIN2        float   %9.0g                 usual amount of first raise ($/hr)
SPECIAL2        byte    %8.0g                 1 if special program for new workers
MEALS2          byte    %8.0g                 free/reduced price code (See below)
OPEN2R          float   %9.0g                 hour of opening
HRSOPEN2        float   %9.0g                 number hrs open per day
PSODA2          float   %9.0g                 price of medium soda, including tax
PFRY2           float   %9.0g                 price of small fries, including tax
PENTREE2        float   %9.0g                 price of entree, including tax
NREGS2          float   %9.0g                 number of cash registers in store
NREGS112        float   %9.0g                 number of registers open at 11:00 am
--------------------------------------------------------------------------------------------------
Sorted by: 

. * ️1 Distribution of store types (Burger King, KFC, Roy Rogers, Wendy's)
. tab CHAIN STATE, col

+-------------------+
| Key               |
|-------------------|
|     frequency     |
| column percentage |
+-------------------+

     chain |
     1=bk; |
    2=kfc; |
   3=roys; |   1 if NJ; 0 if Pa
  4=wendys |         0          1 |     Total
-----------+----------------------+----------
         1 |        35        136 |       171 
           |     44.30      41.09 |     41.71 
-----------+----------------------+----------
         2 |        12         68 |        80 
           |     15.19      20.54 |     19.51 
-----------+----------------------+----------
         3 |        17         82 |        99 
           |     21.52      24.77 |     24.15 
-----------+----------------------+----------
         4 |        15         45 |        60 
           |     18.99      13.60 |     14.63 
-----------+----------------------+----------
     Total |        79        331 |       410 
           |    100.00     100.00 |    100.00 

. 
. * 2 Create full-time-equivalent (FTE) employment for Wave 1
. gen FTE1 = EMPFT + 0.5*EMPPT
(6 missing values generated)

. 
. * 3 Calculate summary statistics for Wave 1 (Pre-treatment)
. bysort STATE: summarize FTE1 EMPFT EMPPT NMGRS WAGE_ST PSODA PFRY PENTREE HRSOPEN

--------------------------------------------------------------------------------------------------
-> STATE = 0

    Variable |        Obs        Mean    Std. dev.       Min        Max
-------------+---------------------------------------------------------
        FTE1 |         78    19.94872    11.67994        4.5       67.5
       EMPFT |         78    10.20513    10.77589          0         50
       EMPPT |         78    19.48718    9.577427          2         55
       NMGRS |         78    3.538462    1.101266          1          7
     WAGE_ST |         76    4.630132    .3516873       4.25        5.5
-------------+---------------------------------------------------------
       PSODA |         77    .9746753    .0694827        .73       1.13
        PFRY |         77     .841948      .08751        .69       1.05
     PENTREE |         77    1.215065    .6228893        .52        3.5
     HRSOPEN |         79    14.52532    2.951422          8         24

--------------------------------------------------------------------------------------------------
-> STATE = 1

    Variable |        Obs        Mean    Std. dev.       Min        Max
-------------+---------------------------------------------------------
        FTE1 |        326    17.06518    8.727993          3         80
       EMPFT |        326    7.723926     7.96389          0         60
       EMPPT |        328     18.6753    10.20586          0         60
       NMGRS |        326    3.392025    .9972875          1         10
     WAGE_ST |        314    4.612134    .3463505       4.25       5.75
-------------+---------------------------------------------------------
       PSODA |        325    1.061508    .0845789        .85       1.49
        PFRY |        316    .9414873    .1007779        .67       1.27
     PENTREE |        321    1.347882    .6461413        .49       3.95
     HRSOPEN |        331    14.41843    2.779414          7         24


. 
. * 4 Create FTE for Wave 2
. gen FTE2 = EMPFT2 + 0.5*EMPPT2
(13 missing values generated)

. 
. * 5 Summary statistics for Wave 2 (Post-treatment)
. bysort STATE: summarize FTE2 EMPFT2 EMPPT2 NMGRS2 WAGE_ST2 PSODA2 PFRY2 PENTREE2 HRSOPEN2

--------------------------------------------------------------------------------------------------
-> STATE = 0

    Variable |        Obs        Mean    Std. dev.       Min        Max
-------------+---------------------------------------------------------
        FTE2 |         77    17.54221    7.909272          0      38.25
      EMPFT2 |         77    7.564935    8.492005          0         35
      EMPPT2 |         77    19.95455    10.20422          0         48
      NMGRS2 |         78    3.641026    1.289058          0          8
    WAGE_ST2 |         71    4.617465    .3574781       4.25       6.25
-------------+---------------------------------------------------------
      PSODA2 |         77    .9754545     .084348        .41       1.11
       PFRY2 |         73     .859863    .0952991        .69       1.11
    PENTREE2 |         75    1.185467    .5779607        .63       2.64
    HRSOPEN2 |         78    14.65385    2.887847          9         24

--------------------------------------------------------------------------------------------------
-> STATE = 1

    Variable |        Obs        Mean    Std. dev.       Min        Max
-------------+---------------------------------------------------------
        FTE2 |        320    17.57266    8.778737          0       55.5
      EMPFT2 |        321    8.445483    7.844942          0         40
      EMPPT2 |        323    18.37307    10.80736          0         60
      NMGRS2 |        326    3.446319    1.100085          0          8
    WAGE_ST2 |        318    5.080849    .1045445          5       5.75
-------------+---------------------------------------------------------
      PSODA2 |        311    1.062154    .0876845        .84        1.4
       PFRY2 |        309    .9604531    .1035182        .73       1.37
    PENTREE2 |        311    1.394727    .6602745        .41       2.85
    HRSOPEN2 |        321    14.41978    2.721297          8         24


. 
. * 6 t-tests comparing NJ vs. PA
. ttest FTE1, by(STATE)

Two-sample t test with equal variances
------------------------------------------------------------------------------
   Group |     Obs        Mean    Std. err.   Std. dev.   [95% conf. interval]
---------+--------------------------------------------------------------------
       0 |      78    19.94872    1.322493    11.67994     17.3153    22.58214
       1 |     326    17.06518    .4833988    8.727993     16.1142    18.01617
---------+--------------------------------------------------------------------
Combined |     404    17.62191    .4688249    9.423264    16.70026    18.54355
---------+--------------------------------------------------------------------
    diff |            2.883534    1.180528                .5627538    5.204314
------------------------------------------------------------------------------
    diff = mean(0) - mean(1)                                      t =   2.4426
H0: diff = 0                                     Degrees of freedom =      402

    Ha: diff < 0                 Ha: diff != 0                 Ha: diff > 0
 Pr(T < t) = 0.9925         Pr(|T| > |t|) = 0.0150          Pr(T > t) = 0.0075

. ttest FTE2, by(STATE)

Two-sample t test with equal variances
------------------------------------------------------------------------------
   Group |     Obs        Mean    Std. err.   Std. dev.   [95% conf. interval]
---------+--------------------------------------------------------------------
       0 |      77    17.54221    .9013452    7.909272    15.74702    19.33739
       1 |     320    17.57266    .4907463    8.778737    16.60715    18.53816
---------+--------------------------------------------------------------------
Combined |     397    17.56675    .4319923    8.607385    16.71747    18.41604
---------+--------------------------------------------------------------------
    diff |           -.0304485    1.093943               -2.181127     2.12023
------------------------------------------------------------------------------
    diff = mean(0) - mean(1)                                      t =  -0.0278
H0: diff = 0                                     Degrees of freedom =      395

    Ha: diff < 0                 Ha: diff != 0                 Ha: diff > 0
 Pr(T < t) = 0.4889         Pr(|T| > |t|) = 0.9778          Pr(T > t) = 0.5111

. ttest WAGE_ST, by(STATE)

Two-sample t test with equal variances
------------------------------------------------------------------------------
   Group |     Obs        Mean    Std. err.   Std. dev.   [95% conf. interval]
---------+--------------------------------------------------------------------
       0 |      76    4.630132    .0403413    .3516873    4.549768    4.710496
       1 |     314    4.612134    .0195457    .3463505    4.573676    4.650591
---------+--------------------------------------------------------------------
Combined |     390    4.615641    .0175718    .3470151    4.581093    4.650189
---------+--------------------------------------------------------------------
    diff |            .0179978    .0444095               -.0693156    .1053113
------------------------------------------------------------------------------
    diff = mean(0) - mean(1)                                      t =   0.4053
H0: diff = 0                                     Degrees of freedom =      388

    Ha: diff < 0                 Ha: diff != 0                 Ha: diff > 0
 Pr(T < t) = 0.6572         Pr(|T| > |t|) = 0.6855          Pr(T > t) = 0.3428

. ttest WAGE_ST2, by(STATE)

Two-sample t test with equal variances
------------------------------------------------------------------------------
   Group |     Obs        Mean    Std. err.   Std. dev.   [95% conf. interval]
---------+--------------------------------------------------------------------
       0 |      71    4.617465    .0424249    .3574781    4.532851    4.702078
       1 |     318    5.080849    .0058626    .1045445    5.069315    5.092384
---------+--------------------------------------------------------------------
Combined |     389    4.996273    .0128373    .2531905    4.971033    5.021512
---------+--------------------------------------------------------------------
    diff |           -.4633844    .0235051               -.5095982   -.4171707
------------------------------------------------------------------------------
    diff = mean(0) - mean(1)                                      t = -19.7142
H0: diff = 0                                     Degrees of freedom =      387

    Ha: diff < 0                 Ha: diff != 0                 Ha: diff > 0
 Pr(T < t) = 0.0000         Pr(|T| > |t|) = 0.0000          Pr(T > t) = 1.0000

. ttest PSODA2, by(STATE)

Two-sample t test with equal variances
------------------------------------------------------------------------------
   Group |     Obs        Mean    Std. err.   Std. dev.   [95% conf. interval]
---------+--------------------------------------------------------------------
       0 |      77    .9754545    .0096124     .084348    .9563099    .9945992
       1 |     311    1.062154    .0049721    .0876845    1.052371    1.071938
---------+--------------------------------------------------------------------
Combined |     388    1.044948    .0047501     .093567    1.035609    1.054288
---------+--------------------------------------------------------------------
    diff |           -.0866998    .0110789               -.1084824   -.0649172
------------------------------------------------------------------------------
    diff = mean(0) - mean(1)                                      t =  -7.8256
H0: diff = 0                                     Degrees of freedom =      386

    Ha: diff < 0                 Ha: diff != 0                 Ha: diff > 0
 Pr(T < t) = 0.0000         Pr(|T| > |t|) = 0.0000          Pr(T > t) = 1.0000

. ttest PFRY2, by(STATE)

Two-sample t test with equal variances
------------------------------------------------------------------------------
   Group |     Obs        Mean    Std. err.   Std. dev.   [95% conf. interval]
---------+--------------------------------------------------------------------
       0 |      73     .859863    .0111539    .0952991    .8376281    .8820979
       1 |     309    .9604531    .0058889    .1035182    .9488654    .9720407
---------+--------------------------------------------------------------------
Combined |     382    .9412304    .0055925    .1093037    .9302344    .9522263
---------+--------------------------------------------------------------------
    diff |           -.1005901    .0132752               -.1266921    -.074488
------------------------------------------------------------------------------
    diff = mean(0) - mean(1)                                      t =  -7.5773
H0: diff = 0                                     Degrees of freedom =      380

    Ha: diff < 0                 Ha: diff != 0                 Ha: diff > 0
 Pr(T < t) = 0.0000         Pr(|T| > |t|) = 0.0000          Pr(T > t) = 1.0000

. ttest PENTREE2, by(STATE)

Two-sample t test with equal variances
------------------------------------------------------------------------------
   Group |     Obs        Mean    Std. err.   Std. dev.   [95% conf. interval]
---------+--------------------------------------------------------------------
       0 |      75    1.185467    .0667372    .5779607     1.05249    1.318443
       1 |     311    1.394727    .0374407    .6602745    1.321057    1.468397
---------+--------------------------------------------------------------------
Combined |     386    1.354067     .033069    .6497019    1.289049    1.419086
---------+--------------------------------------------------------------------
    diff |             -.20926    .0830036               -.3724584   -.0460616
------------------------------------------------------------------------------
    diff = mean(0) - mean(1)                                      t =  -2.5211
H0: diff = 0                                     Degrees of freedom =      384

    Ha: diff < 0                 Ha: diff != 0                 Ha: diff > 0
 Pr(T < t) = 0.0061         Pr(|T| > |t|) = 0.0121          Pr(T > t) = 0.9939

. 
. *------------------------------------------------------------*
. * d)Figure 1: Distribution of Starting Wage Rates (CK 1994)
. *------------------------------------------------------------*
. 
. * bar color black-and-white
. set scheme s2mono

. 
. * Bin settings to match the paper's x-axis: 4.25 to ~5.55 in $0.10 steps
. local start 4.25

. local width 0.10

. 
. *----------------------------*
. * Panel A: February 1992
. *----------------------------*
. twoway ///
>  (histogram WAGE_ST if STATE==1 & !missing(WAGE_ST), ///
>      start(`start') width(`width') percent ///
>      fcolor(black%60) lcolor(black)) ///
>  (histogram WAGE_ST if STATE==0 & !missing(WAGE_ST), ///
>      start(`start') width(`width') percent ///
>      fcolor(none) lcolor(black) lpattern(dash)), ///
>  legend(order(1 "New Jersey" 2 "Pennsylvania") pos(11) ring(0) cols(1)) ///
>  title("February 1992") ///
>  ytitle("Percent of Stores") xtitle("Wage Range") ///
>  graphregion(color(white)) plotregion(margin(zero))

. 
. graph save "fig_wave1.gph", replace
file fig_wave1.gph saved

. graph export "fig_wave1.png", replace
file /Users/yuanhaining/Desktop/fig_wave1.png saved as PNG format

. 
. *----------------------------*
. * Panel B: November 1992
. *----------------------------*
. twoway ///
>  (histogram WAGE_ST2 if STATE==1 & !missing(WAGE_ST2), ///
>      start(`start') width(`width') percent ///
>      fcolor(black%60) lcolor(black)) ///
>  (histogram WAGE_ST2 if STATE==0 & !missing(WAGE_ST2), ///
>      start(`start') width(`width') percent ///
>      fcolor(none) lcolor(black) lpattern(dash)), ///
>  legend(order(1 "New Jersey" 2 "Pennsylvania") pos(11) ring(0) cols(1)) ///
>  title("November 1992") ///
>  ytitle("Percent of Stores") xtitle("Wage Range") ///
>  graphregion(color(white)) plotregion(margin(zero))

. 
. graph save "fig_wave2.gph", replace
file fig_wave2.gph saved

. graph export "fig_wave2.png", replace
file /Users/yuanhaining/Desktop/fig_wave2.png saved as PNG format

. 
. *----------------------------*
. * Combine vertically (like the paper)
. *----------------------------*
. graph combine "fig_wave1.gph" "fig_wave2.gph", ///
>     col(1) imargin(zero) ///
>     title(
parentheses do not balance
r(198);

end of do-file

r(198);

. do "/var/folders/n6/b63hv83n6kv6klpfspjfc53c0000gn/T//SD16029.000000"

. * --- Q4 setup: load Card & Krueger data ---
. clear all

. set more off

. 
. * Set the working directory
. cd "/Users/yuanhaining/Desktop/"
/Users/yuanhaining/Desktop

. 
. * Load the dataset
.  use cardnj.dta, clear

.  
. * part c:  Table 2 from Card & Krueger (1994)
. * Verify data structure
. describe

Contains data from cardnj.dta
 Observations:           410                  
    Variables:            46                  5 Nov 2021 04:00
--------------------------------------------------------------------------------------------------
Variable      Storage   Display    Value
    name         type    format    label      Variable label
--------------------------------------------------------------------------------------------------
SHEET           float   %9.0g                 sheet number (unique store id)
CHAIN           byte    %8.0g                 chain 1=bk; 2=kfc; 3=roys; 4=wendys
CO_OWNED        byte    %8.0g                 1 if company owned
STATE           byte    %8.0g                 1 if NJ; 0 if Pa
SOUTHJ          byte    %8.0g                 1 if in southern NJ
CENTRALJ        byte    %8.0g                 1 if in central NJ
NORTHJ          byte    %8.0g                 1 if in northern NJ
PA1             byte    %8.0g                 1 if in PA, northeast suburbs of Phila
PA2             byte    %8.0g                 1 if in PA, Easton etc
SHORE           byte    %8.0g                 1 if on NJ shore
NCALLS          float   %9.0g                 number of call-backs*
EMPFT           float   %9.0g                 # full-time employees
EMPPT           float   %9.0g                 # part-time employees
NMGRS           float   %9.0g                 # managers/ass't managers
WAGE_ST         float   %9.0g                 starting wage ($/hr)
INCTIME         float   %9.0g                 months to usual first raise
FIRSTINC        float   %9.0g                 usual amount of first raise ($/hr)
BONUS           byte    %8.0g                 1 if cash bounty for new workers
PCTAFF          float   %9.0g                 % employees affected by new minimum
MEALS           byte    %8.0g                 free/reduced price code (See below)
OPEN            float   %9.0g                 hour of opening
HRSOPEN         float   %9.0g                 number hrs open per day
PSODA           float   %9.0g                 price of medium soda, including tax
PFRY            float   %9.0g                 price of small fries, including tax
PENTREE         float   %9.0g                 price of entree, including tax
NREGS           float   %9.0g                 number of cash registers in store
NREGS11         float   %9.0g                 number of registers open at 11:00 am
TYPE2           byte    %8.0g                 type 2nd interview 1=phone; 2=personal
STATUS2         byte    %8.0g                 status of second interview: see below
DATE2           float   %td                   date of second interview MMDDYY format
NCALLS2         float   %9.0g                 number of call-backs*
EMPFT2          float   %9.0g                 # full-time employees
EMPPT2          float   %9.0g                 # part-time employees
NMGRS2          float   %9.0g                 # managers/ass't managers
WAGE_ST2        float   %9.0g                 starting wage ($/hr)
INCTIME2        float   %9.0g                 months to usual first raise
FIRSTIN2        float   %9.0g                 usual amount of first raise ($/hr)
SPECIAL2        byte    %8.0g                 1 if special program for new workers
MEALS2          byte    %8.0g                 free/reduced price code (See below)
OPEN2R          float   %9.0g                 hour of opening
HRSOPEN2        float   %9.0g                 number hrs open per day
PSODA2          float   %9.0g                 price of medium soda, including tax
PFRY2           float   %9.0g                 price of small fries, including tax
PENTREE2        float   %9.0g                 price of entree, including tax
NREGS2          float   %9.0g                 number of cash registers in store
NREGS112        float   %9.0g                 number of registers open at 11:00 am
--------------------------------------------------------------------------------------------------
Sorted by: 

. * ️1 Distribution of store types (Burger King, KFC, Roy Rogers, Wendy's)
. tab CHAIN STATE, col

+-------------------+
| Key               |
|-------------------|
|     frequency     |
| column percentage |
+-------------------+

     chain |
     1=bk; |
    2=kfc; |
   3=roys; |   1 if NJ; 0 if Pa
  4=wendys |         0          1 |     Total
-----------+----------------------+----------
         1 |        35        136 |       171 
           |     44.30      41.09 |     41.71 
-----------+----------------------+----------
         2 |        12         68 |        80 
           |     15.19      20.54 |     19.51 
-----------+----------------------+----------
         3 |        17         82 |        99 
           |     21.52      24.77 |     24.15 
-----------+----------------------+----------
         4 |        15         45 |        60 
           |     18.99      13.60 |     14.63 
-----------+----------------------+----------
     Total |        79        331 |       410 
           |    100.00     100.00 |    100.00 

. 
. * 2 Create full-time-equivalent (FTE) employment for Wave 1
. gen FTE1 = EMPFT + 0.5*EMPPT
(6 missing values generated)

. 
. * 3 Calculate summary statistics for Wave 1 (Pre-treatment)
. bysort STATE: summarize FTE1 EMPFT EMPPT NMGRS WAGE_ST PSODA PFRY PENTREE HRSOPEN

--------------------------------------------------------------------------------------------------
-> STATE = 0

    Variable |        Obs        Mean    Std. dev.       Min        Max
-------------+---------------------------------------------------------
        FTE1 |         78    19.94872    11.67994        4.5       67.5
       EMPFT |         78    10.20513    10.77589          0         50
       EMPPT |         78    19.48718    9.577427          2         55
       NMGRS |         78    3.538462    1.101266          1          7
     WAGE_ST |         76    4.630132    .3516873       4.25        5.5
-------------+---------------------------------------------------------
       PSODA |         77    .9746753    .0694827        .73       1.13
        PFRY |         77     .841948      .08751        .69       1.05
     PENTREE |         77    1.215065    .6228893        .52        3.5
     HRSOPEN |         79    14.52532    2.951422          8         24

--------------------------------------------------------------------------------------------------
-> STATE = 1

    Variable |        Obs        Mean    Std. dev.       Min        Max
-------------+---------------------------------------------------------
        FTE1 |        326    17.06518    8.727993          3         80
       EMPFT |        326    7.723926     7.96389          0         60
       EMPPT |        328     18.6753    10.20586          0         60
       NMGRS |        326    3.392025    .9972875          1         10
     WAGE_ST |        314    4.612134    .3463505       4.25       5.75
-------------+---------------------------------------------------------
       PSODA |        325    1.061508    .0845789        .85       1.49
        PFRY |        316    .9414873    .1007779        .67       1.27
     PENTREE |        321    1.347882    .6461413        .49       3.95
     HRSOPEN |        331    14.41843    2.779414          7         24


. 
. * 4 Create FTE for Wave 2
. gen FTE2 = EMPFT2 + 0.5*EMPPT2
(13 missing values generated)

. 
. * 5 Summary statistics for Wave 2 (Post-treatment)
. bysort STATE: summarize FTE2 EMPFT2 EMPPT2 NMGRS2 WAGE_ST2 PSODA2 PFRY2 PENTREE2 HRSOPEN2

--------------------------------------------------------------------------------------------------
-> STATE = 0

    Variable |        Obs        Mean    Std. dev.       Min        Max
-------------+---------------------------------------------------------
        FTE2 |         77    17.54221    7.909272          0      38.25
      EMPFT2 |         77    7.564935    8.492005          0         35
      EMPPT2 |         77    19.95455    10.20422          0         48
      NMGRS2 |         78    3.641026    1.289058          0          8
    WAGE_ST2 |         71    4.617465    .3574781       4.25       6.25
-------------+---------------------------------------------------------
      PSODA2 |         77    .9754545     .084348        .41       1.11
       PFRY2 |         73     .859863    .0952991        .69       1.11
    PENTREE2 |         75    1.185467    .5779607        .63       2.64
    HRSOPEN2 |         78    14.65385    2.887847          9         24

--------------------------------------------------------------------------------------------------
-> STATE = 1

    Variable |        Obs        Mean    Std. dev.       Min        Max
-------------+---------------------------------------------------------
        FTE2 |        320    17.57266    8.778737          0       55.5
      EMPFT2 |        321    8.445483    7.844942          0         40
      EMPPT2 |        323    18.37307    10.80736          0         60
      NMGRS2 |        326    3.446319    1.100085          0          8
    WAGE_ST2 |        318    5.080849    .1045445          5       5.75
-------------+---------------------------------------------------------
      PSODA2 |        311    1.062154    .0876845        .84        1.4
       PFRY2 |        309    .9604531    .1035182        .73       1.37
    PENTREE2 |        311    1.394727    .6602745        .41       2.85
    HRSOPEN2 |        321    14.41978    2.721297          8         24


. 
. * 6 t-tests comparing NJ vs. PA
. ttest FTE1, by(STATE)

Two-sample t test with equal variances
------------------------------------------------------------------------------
   Group |     Obs        Mean    Std. err.   Std. dev.   [95% conf. interval]
---------+--------------------------------------------------------------------
       0 |      78    19.94872    1.322493    11.67994     17.3153    22.58214
       1 |     326    17.06518    .4833988    8.727993     16.1142    18.01617
---------+--------------------------------------------------------------------
Combined |     404    17.62191    .4688249    9.423264    16.70026    18.54355
---------+--------------------------------------------------------------------
    diff |            2.883534    1.180528                .5627538    5.204314
------------------------------------------------------------------------------
    diff = mean(0) - mean(1)                                      t =   2.4426
H0: diff = 0                                     Degrees of freedom =      402

    Ha: diff < 0                 Ha: diff != 0                 Ha: diff > 0
 Pr(T < t) = 0.9925         Pr(|T| > |t|) = 0.0150          Pr(T > t) = 0.0075

. ttest FTE2, by(STATE)

Two-sample t test with equal variances
------------------------------------------------------------------------------
   Group |     Obs        Mean    Std. err.   Std. dev.   [95% conf. interval]
---------+--------------------------------------------------------------------
       0 |      77    17.54221    .9013452    7.909272    15.74702    19.33739
       1 |     320    17.57266    .4907463    8.778737    16.60715    18.53816
---------+--------------------------------------------------------------------
Combined |     397    17.56675    .4319923    8.607385    16.71747    18.41604
---------+--------------------------------------------------------------------
    diff |           -.0304485    1.093943               -2.181127     2.12023
------------------------------------------------------------------------------
    diff = mean(0) - mean(1)                                      t =  -0.0278
H0: diff = 0                                     Degrees of freedom =      395

    Ha: diff < 0                 Ha: diff != 0                 Ha: diff > 0
 Pr(T < t) = 0.4889         Pr(|T| > |t|) = 0.9778          Pr(T > t) = 0.5111

. ttest WAGE_ST, by(STATE)

Two-sample t test with equal variances
------------------------------------------------------------------------------
   Group |     Obs        Mean    Std. err.   Std. dev.   [95% conf. interval]
---------+--------------------------------------------------------------------
       0 |      76    4.630132    .0403413    .3516873    4.549768    4.710496
       1 |     314    4.612134    .0195457    .3463505    4.573676    4.650591
---------+--------------------------------------------------------------------
Combined |     390    4.615641    .0175718    .3470151    4.581093    4.650189
---------+--------------------------------------------------------------------
    diff |            .0179978    .0444095               -.0693156    .1053113
------------------------------------------------------------------------------
    diff = mean(0) - mean(1)                                      t =   0.4053
H0: diff = 0                                     Degrees of freedom =      388

    Ha: diff < 0                 Ha: diff != 0                 Ha: diff > 0
 Pr(T < t) = 0.6572         Pr(|T| > |t|) = 0.6855          Pr(T > t) = 0.3428

. ttest WAGE_ST2, by(STATE)

Two-sample t test with equal variances
------------------------------------------------------------------------------
   Group |     Obs        Mean    Std. err.   Std. dev.   [95% conf. interval]
---------+--------------------------------------------------------------------
       0 |      71    4.617465    .0424249    .3574781    4.532851    4.702078
       1 |     318    5.080849    .0058626    .1045445    5.069315    5.092384
---------+--------------------------------------------------------------------
Combined |     389    4.996273    .0128373    .2531905    4.971033    5.021512
---------+--------------------------------------------------------------------
    diff |           -.4633844    .0235051               -.5095982   -.4171707
------------------------------------------------------------------------------
    diff = mean(0) - mean(1)                                      t = -19.7142
H0: diff = 0                                     Degrees of freedom =      387

    Ha: diff < 0                 Ha: diff != 0                 Ha: diff > 0
 Pr(T < t) = 0.0000         Pr(|T| > |t|) = 0.0000          Pr(T > t) = 1.0000

. ttest PSODA2, by(STATE)

Two-sample t test with equal variances
------------------------------------------------------------------------------
   Group |     Obs        Mean    Std. err.   Std. dev.   [95% conf. interval]
---------+--------------------------------------------------------------------
       0 |      77    .9754545    .0096124     .084348    .9563099    .9945992
       1 |     311    1.062154    .0049721    .0876845    1.052371    1.071938
---------+--------------------------------------------------------------------
Combined |     388    1.044948    .0047501     .093567    1.035609    1.054288
---------+--------------------------------------------------------------------
    diff |           -.0866998    .0110789               -.1084824   -.0649172
------------------------------------------------------------------------------
    diff = mean(0) - mean(1)                                      t =  -7.8256
H0: diff = 0                                     Degrees of freedom =      386

    Ha: diff < 0                 Ha: diff != 0                 Ha: diff > 0
 Pr(T < t) = 0.0000         Pr(|T| > |t|) = 0.0000          Pr(T > t) = 1.0000

. ttest PFRY2, by(STATE)

Two-sample t test with equal variances
------------------------------------------------------------------------------
   Group |     Obs        Mean    Std. err.   Std. dev.   [95% conf. interval]
---------+--------------------------------------------------------------------
       0 |      73     .859863    .0111539    .0952991    .8376281    .8820979
       1 |     309    .9604531    .0058889    .1035182    .9488654    .9720407
---------+--------------------------------------------------------------------
Combined |     382    .9412304    .0055925    .1093037    .9302344    .9522263
---------+--------------------------------------------------------------------
    diff |           -.1005901    .0132752               -.1266921    -.074488
------------------------------------------------------------------------------
    diff = mean(0) - mean(1)                                      t =  -7.5773
H0: diff = 0                                     Degrees of freedom =      380

    Ha: diff < 0                 Ha: diff != 0                 Ha: diff > 0
 Pr(T < t) = 0.0000         Pr(|T| > |t|) = 0.0000          Pr(T > t) = 1.0000

. ttest PENTREE2, by(STATE)

Two-sample t test with equal variances
------------------------------------------------------------------------------
   Group |     Obs        Mean    Std. err.   Std. dev.   [95% conf. interval]
---------+--------------------------------------------------------------------
       0 |      75    1.185467    .0667372    .5779607     1.05249    1.318443
       1 |     311    1.394727    .0374407    .6602745    1.321057    1.468397
---------+--------------------------------------------------------------------
Combined |     386    1.354067     .033069    .6497019    1.289049    1.419086
---------+--------------------------------------------------------------------
    diff |             -.20926    .0830036               -.3724584   -.0460616
------------------------------------------------------------------------------
    diff = mean(0) - mean(1)                                      t =  -2.5211
H0: diff = 0                                     Degrees of freedom =      384

    Ha: diff < 0                 Ha: diff != 0                 Ha: diff > 0
 Pr(T < t) = 0.0061         Pr(|T| > |t|) = 0.0121          Pr(T > t) = 0.9939

. 
. *------------------------------------------------------------*
. * d)Figure 1: Distribution of Starting Wage Rates (CK 1994)
. *------------------------------------------------------------*
. 
. * bar color black-and-white
. set scheme s2mono

. 
. * Bin settings to match the paper's x-axis: 4.25 to ~5.55 in $0.10 steps
. local start 4.25

. local width 0.10

. 
. *----------------------------*
. * Panel A: February 1992
. *----------------------------*
. twoway ///
>  (histogram WAGE_ST if STATE==1 & !missing(WAGE_ST), ///
>      start(`start') width(`width') percent ///
>      fcolor(black%60) lcolor(black)) ///
>  (histogram WAGE_ST if STATE==0 & !missing(WAGE_ST), ///
>      start(`start') width(`width') percent ///
>      fcolor(none) lcolor(black) lpattern(dash)), ///
>  legend(order(1 "New Jersey" 2 "Pennsylvania") pos(11) ring(0) cols(1)) ///
>  title("February 1992") ///
>  ytitle("Percent of Stores") xtitle("Wage Range") ///
>  graphregion(color(white)) plotregion(margin(zero))

. 
. graph save "fig_wave1.gph", replace
file fig_wave1.gph saved

. graph export "fig_wave1.png", replace
file /Users/yuanhaining/Desktop/fig_wave1.png saved as PNG format

. 
. *----------------------------*
. * Panel B: November 1992
. *----------------------------*
. twoway ///
>  (histogram WAGE_ST2 if STATE==1 & !missing(WAGE_ST2), ///
>      start(`start') width(`width') percent ///
>      fcolor(black%60) lcolor(black)) ///
>  (histogram WAGE_ST2 if STATE==0 & !missing(WAGE_ST2), ///
>      start(`start') width(`width') percent ///
>      fcolor(none) lcolor(black) lpattern(dash)), ///
>  legend(order(1 "New Jersey" 2 "Pennsylvania") pos(11) ring(0) cols(1)) ///
>  title("November 1992") ///
>  ytitle("Percent of Stores") xtitle("Wage Range") ///
>  graphregion(color(white)) plotregion(margin(zero))

. 
. graph save "fig_wave2.gph", replace
file fig_wave2.gph saved

. graph export "fig_wave2.png", replace
file /Users/yuanhaining/Desktop/fig_wave2.png saved as PNG format

. 
. *----------------------------*
. * Combine vertically (like the paper)
. *----------------------------*
. graph combine "fig_wave1.gph" "fig_wave2.gph", ///
>     col(1) imargin(zero) ///
>     title("Distribution of Starting Wage Rates") ///
>     name(fig_all, replace)

. graph export "figure1_replication.png", replace
file /Users/yuanhaining/Desktop/figure1_replication.png saved as PNG format

. 
. *------------------------------------------------------------*
. * e) table 3 and 4
. *------------------------------------------------------------*
. *============================*
. * TABLE 3 (replication)
. *============================*
. 
. * Rebuild helper vars safely
. capture drop FTE1 FTE2 balanced closed2 FTE2z dFTE dFTEz nj_low nj_mid nj_high

. gen FTE1 = EMPFT  + 0.5*EMPPT
variable FTE1 already defined
r(110);

end of do-file

r(110);

. do "/var/folders/n6/b63hv83n6kv6klpfspjfc53c0000gn/T//SD16029.000000"

. * --- Q4 setup: load Card & Krueger data ---
. clear all

. set more off

. 
. * Set the working directory
. cd "/Users/yuanhaining/Desktop/"
/Users/yuanhaining/Desktop

. 
. * Load the dataset
.  use cardnj.dta, clear

.  
. * part c:  Table 2 from Card & Krueger (1994)
. * Verify data structure
. describe

Contains data from cardnj.dta
 Observations:           410                  
    Variables:            46                  5 Nov 2021 04:00
--------------------------------------------------------------------------------------------------
Variable      Storage   Display    Value
    name         type    format    label      Variable label
--------------------------------------------------------------------------------------------------
SHEET           float   %9.0g                 sheet number (unique store id)
CHAIN           byte    %8.0g                 chain 1=bk; 2=kfc; 3=roys; 4=wendys
CO_OWNED        byte    %8.0g                 1 if company owned
STATE           byte    %8.0g                 1 if NJ; 0 if Pa
SOUTHJ          byte    %8.0g                 1 if in southern NJ
CENTRALJ        byte    %8.0g                 1 if in central NJ
NORTHJ          byte    %8.0g                 1 if in northern NJ
PA1             byte    %8.0g                 1 if in PA, northeast suburbs of Phila
PA2             byte    %8.0g                 1 if in PA, Easton etc
SHORE           byte    %8.0g                 1 if on NJ shore
NCALLS          float   %9.0g                 number of call-backs*
EMPFT           float   %9.0g                 # full-time employees
EMPPT           float   %9.0g                 # part-time employees
NMGRS           float   %9.0g                 # managers/ass't managers
WAGE_ST         float   %9.0g                 starting wage ($/hr)
INCTIME         float   %9.0g                 months to usual first raise
FIRSTINC        float   %9.0g                 usual amount of first raise ($/hr)
BONUS           byte    %8.0g                 1 if cash bounty for new workers
PCTAFF          float   %9.0g                 % employees affected by new minimum
MEALS           byte    %8.0g                 free/reduced price code (See below)
OPEN            float   %9.0g                 hour of opening
HRSOPEN         float   %9.0g                 number hrs open per day
PSODA           float   %9.0g                 price of medium soda, including tax
PFRY            float   %9.0g                 price of small fries, including tax
PENTREE         float   %9.0g                 price of entree, including tax
NREGS           float   %9.0g                 number of cash registers in store
NREGS11         float   %9.0g                 number of registers open at 11:00 am
TYPE2           byte    %8.0g                 type 2nd interview 1=phone; 2=personal
STATUS2         byte    %8.0g                 status of second interview: see below
DATE2           float   %td                   date of second interview MMDDYY format
NCALLS2         float   %9.0g                 number of call-backs*
EMPFT2          float   %9.0g                 # full-time employees
EMPPT2          float   %9.0g                 # part-time employees
NMGRS2          float   %9.0g                 # managers/ass't managers
WAGE_ST2        float   %9.0g                 starting wage ($/hr)
INCTIME2        float   %9.0g                 months to usual first raise
FIRSTIN2        float   %9.0g                 usual amount of first raise ($/hr)
SPECIAL2        byte    %8.0g                 1 if special program for new workers
MEALS2          byte    %8.0g                 free/reduced price code (See below)
OPEN2R          float   %9.0g                 hour of opening
HRSOPEN2        float   %9.0g                 number hrs open per day
PSODA2          float   %9.0g                 price of medium soda, including tax
PFRY2           float   %9.0g                 price of small fries, including tax
PENTREE2        float   %9.0g                 price of entree, including tax
NREGS2          float   %9.0g                 number of cash registers in store
NREGS112        float   %9.0g                 number of registers open at 11:00 am
--------------------------------------------------------------------------------------------------
Sorted by: 

. * ️1 Distribution of store types (Burger King, KFC, Roy Rogers, Wendy's)
. tab CHAIN STATE, col

+-------------------+
| Key               |
|-------------------|
|     frequency     |
| column percentage |
+-------------------+

     chain |
     1=bk; |
    2=kfc; |
   3=roys; |   1 if NJ; 0 if Pa
  4=wendys |         0          1 |     Total
-----------+----------------------+----------
         1 |        35        136 |       171 
           |     44.30      41.09 |     41.71 
-----------+----------------------+----------
         2 |        12         68 |        80 
           |     15.19      20.54 |     19.51 
-----------+----------------------+----------
         3 |        17         82 |        99 
           |     21.52      24.77 |     24.15 
-----------+----------------------+----------
         4 |        15         45 |        60 
           |     18.99      13.60 |     14.63 
-----------+----------------------+----------
     Total |        79        331 |       410 
           |    100.00     100.00 |    100.00 

. 
. * 2 Create full-time-equivalent (FTE) employment for Wave 1
. gen FTE1 = EMPFT + 0.5*EMPPT
(6 missing values generated)

. 
. * 3 Calculate summary statistics for Wave 1 (Pre-treatment)
. bysort STATE: summarize FTE1 EMPFT EMPPT NMGRS WAGE_ST PSODA PFRY PENTREE HRSOPEN

--------------------------------------------------------------------------------------------------
-> STATE = 0

    Variable |        Obs        Mean    Std. dev.       Min        Max
-------------+---------------------------------------------------------
        FTE1 |         78    19.94872    11.67994        4.5       67.5
       EMPFT |         78    10.20513    10.77589          0         50
       EMPPT |         78    19.48718    9.577427          2         55
       NMGRS |         78    3.538462    1.101266          1          7
     WAGE_ST |         76    4.630132    .3516873       4.25        5.5
-------------+---------------------------------------------------------
       PSODA |         77    .9746753    .0694827        .73       1.13
        PFRY |         77     .841948      .08751        .69       1.05
     PENTREE |         77    1.215065    .6228893        .52        3.5
     HRSOPEN |         79    14.52532    2.951422          8         24

--------------------------------------------------------------------------------------------------
-> STATE = 1

    Variable |        Obs        Mean    Std. dev.       Min        Max
-------------+---------------------------------------------------------
        FTE1 |        326    17.06518    8.727993          3         80
       EMPFT |        326    7.723926     7.96389          0         60
       EMPPT |        328     18.6753    10.20586          0         60
       NMGRS |        326    3.392025    .9972875          1         10
     WAGE_ST |        314    4.612134    .3463505       4.25       5.75
-------------+---------------------------------------------------------
       PSODA |        325    1.061508    .0845789        .85       1.49
        PFRY |        316    .9414873    .1007779        .67       1.27
     PENTREE |        321    1.347882    .6461413        .49       3.95
     HRSOPEN |        331    14.41843    2.779414          7         24


. 
. * 4 Create FTE for Wave 2
. gen FTE2 = EMPFT2 + 0.5*EMPPT2
(13 missing values generated)

. 
. * 5 Summary statistics for Wave 2 (Post-treatment)
. bysort STATE: summarize FTE2 EMPFT2 EMPPT2 NMGRS2 WAGE_ST2 PSODA2 PFRY2 PENTREE2 HRSOPEN2

--------------------------------------------------------------------------------------------------
-> STATE = 0

    Variable |        Obs        Mean    Std. dev.       Min        Max
-------------+---------------------------------------------------------
        FTE2 |         77    17.54221    7.909272          0      38.25
      EMPFT2 |         77    7.564935    8.492005          0         35
      EMPPT2 |         77    19.95455    10.20422          0         48
      NMGRS2 |         78    3.641026    1.289058          0          8
    WAGE_ST2 |         71    4.617465    .3574781       4.25       6.25
-------------+---------------------------------------------------------
      PSODA2 |         77    .9754545     .084348        .41       1.11
       PFRY2 |         73     .859863    .0952991        .69       1.11
    PENTREE2 |         75    1.185467    .5779607        .63       2.64
    HRSOPEN2 |         78    14.65385    2.887847          9         24

--------------------------------------------------------------------------------------------------
-> STATE = 1

    Variable |        Obs        Mean    Std. dev.       Min        Max
-------------+---------------------------------------------------------
        FTE2 |        320    17.57266    8.778737          0       55.5
      EMPFT2 |        321    8.445483    7.844942          0         40
      EMPPT2 |        323    18.37307    10.80736          0         60
      NMGRS2 |        326    3.446319    1.100085          0          8
    WAGE_ST2 |        318    5.080849    .1045445          5       5.75
-------------+---------------------------------------------------------
      PSODA2 |        311    1.062154    .0876845        .84        1.4
       PFRY2 |        309    .9604531    .1035182        .73       1.37
    PENTREE2 |        311    1.394727    .6602745        .41       2.85
    HRSOPEN2 |        321    14.41978    2.721297          8         24


. 
. * 6 t-tests comparing NJ vs. PA
. ttest FTE1, by(STATE)

Two-sample t test with equal variances
------------------------------------------------------------------------------
   Group |     Obs        Mean    Std. err.   Std. dev.   [95% conf. interval]
---------+--------------------------------------------------------------------
       0 |      78    19.94872    1.322493    11.67994     17.3153    22.58214
       1 |     326    17.06518    .4833988    8.727993     16.1142    18.01617
---------+--------------------------------------------------------------------
Combined |     404    17.62191    .4688249    9.423264    16.70026    18.54355
---------+--------------------------------------------------------------------
    diff |            2.883534    1.180528                .5627538    5.204314
------------------------------------------------------------------------------
    diff = mean(0) - mean(1)                                      t =   2.4426
H0: diff = 0                                     Degrees of freedom =      402

    Ha: diff < 0                 Ha: diff != 0                 Ha: diff > 0
 Pr(T < t) = 0.9925         Pr(|T| > |t|) = 0.0150          Pr(T > t) = 0.0075

. ttest FTE2, by(STATE)

Two-sample t test with equal variances
------------------------------------------------------------------------------
   Group |     Obs        Mean    Std. err.   Std. dev.   [95% conf. interval]
---------+--------------------------------------------------------------------
       0 |      77    17.54221    .9013452    7.909272    15.74702    19.33739
       1 |     320    17.57266    .4907463    8.778737    16.60715    18.53816
---------+--------------------------------------------------------------------
Combined |     397    17.56675    .4319923    8.607385    16.71747    18.41604
---------+--------------------------------------------------------------------
    diff |           -.0304485    1.093943               -2.181127     2.12023
------------------------------------------------------------------------------
    diff = mean(0) - mean(1)                                      t =  -0.0278
H0: diff = 0                                     Degrees of freedom =      395

    Ha: diff < 0                 Ha: diff != 0                 Ha: diff > 0
 Pr(T < t) = 0.4889         Pr(|T| > |t|) = 0.9778          Pr(T > t) = 0.5111

. ttest WAGE_ST, by(STATE)

Two-sample t test with equal variances
------------------------------------------------------------------------------
   Group |     Obs        Mean    Std. err.   Std. dev.   [95% conf. interval]
---------+--------------------------------------------------------------------
       0 |      76    4.630132    .0403413    .3516873    4.549768    4.710496
       1 |     314    4.612134    .0195457    .3463505    4.573676    4.650591
---------+--------------------------------------------------------------------
Combined |     390    4.615641    .0175718    .3470151    4.581093    4.650189
---------+--------------------------------------------------------------------
    diff |            .0179978    .0444095               -.0693156    .1053113
------------------------------------------------------------------------------
    diff = mean(0) - mean(1)                                      t =   0.4053
H0: diff = 0                                     Degrees of freedom =      388

    Ha: diff < 0                 Ha: diff != 0                 Ha: diff > 0
 Pr(T < t) = 0.6572         Pr(|T| > |t|) = 0.6855          Pr(T > t) = 0.3428

. ttest WAGE_ST2, by(STATE)

Two-sample t test with equal variances
------------------------------------------------------------------------------
   Group |     Obs        Mean    Std. err.   Std. dev.   [95% conf. interval]
---------+--------------------------------------------------------------------
       0 |      71    4.617465    .0424249    .3574781    4.532851    4.702078
       1 |     318    5.080849    .0058626    .1045445    5.069315    5.092384
---------+--------------------------------------------------------------------
Combined |     389    4.996273    .0128373    .2531905    4.971033    5.021512
---------+--------------------------------------------------------------------
    diff |           -.4633844    .0235051               -.5095982   -.4171707
------------------------------------------------------------------------------
    diff = mean(0) - mean(1)                                      t = -19.7142
H0: diff = 0                                     Degrees of freedom =      387

    Ha: diff < 0                 Ha: diff != 0                 Ha: diff > 0
 Pr(T < t) = 0.0000         Pr(|T| > |t|) = 0.0000          Pr(T > t) = 1.0000

. ttest PSODA2, by(STATE)

Two-sample t test with equal variances
------------------------------------------------------------------------------
   Group |     Obs        Mean    Std. err.   Std. dev.   [95% conf. interval]
---------+--------------------------------------------------------------------
       0 |      77    .9754545    .0096124     .084348    .9563099    .9945992
       1 |     311    1.062154    .0049721    .0876845    1.052371    1.071938
---------+--------------------------------------------------------------------
Combined |     388    1.044948    .0047501     .093567    1.035609    1.054288
---------+--------------------------------------------------------------------
    diff |           -.0866998    .0110789               -.1084824   -.0649172
------------------------------------------------------------------------------
    diff = mean(0) - mean(1)                                      t =  -7.8256
H0: diff = 0                                     Degrees of freedom =      386

    Ha: diff < 0                 Ha: diff != 0                 Ha: diff > 0
 Pr(T < t) = 0.0000         Pr(|T| > |t|) = 0.0000          Pr(T > t) = 1.0000

. ttest PFRY2, by(STATE)

Two-sample t test with equal variances
------------------------------------------------------------------------------
   Group |     Obs        Mean    Std. err.   Std. dev.   [95% conf. interval]
---------+--------------------------------------------------------------------
       0 |      73     .859863    .0111539    .0952991    .8376281    .8820979
       1 |     309    .9604531    .0058889    .1035182    .9488654    .9720407
---------+--------------------------------------------------------------------
Combined |     382    .9412304    .0055925    .1093037    .9302344    .9522263
---------+--------------------------------------------------------------------
    diff |           -.1005901    .0132752               -.1266921    -.074488
------------------------------------------------------------------------------
    diff = mean(0) - mean(1)                                      t =  -7.5773
H0: diff = 0                                     Degrees of freedom =      380

    Ha: diff < 0                 Ha: diff != 0                 Ha: diff > 0
 Pr(T < t) = 0.0000         Pr(|T| > |t|) = 0.0000          Pr(T > t) = 1.0000

. ttest PENTREE2, by(STATE)

Two-sample t test with equal variances
------------------------------------------------------------------------------
   Group |     Obs        Mean    Std. err.   Std. dev.   [95% conf. interval]
---------+--------------------------------------------------------------------
       0 |      75    1.185467    .0667372    .5779607     1.05249    1.318443
       1 |     311    1.394727    .0374407    .6602745    1.321057    1.468397
---------+--------------------------------------------------------------------
Combined |     386    1.354067     .033069    .6497019    1.289049    1.419086
---------+--------------------------------------------------------------------
    diff |             -.20926    .0830036               -.3724584   -.0460616
------------------------------------------------------------------------------
    diff = mean(0) - mean(1)                                      t =  -2.5211
H0: diff = 0                                     Degrees of freedom =      384

    Ha: diff < 0                 Ha: diff != 0                 Ha: diff > 0
 Pr(T < t) = 0.0061         Pr(|T| > |t|) = 0.0121          Pr(T > t) = 0.9939

. 
. *------------------------------------------------------------*
. * d)Figure 1: Distribution of Starting Wage Rates (CK 1994)
. *------------------------------------------------------------*
. 
. * bar color black-and-white
. set scheme s2mono

. 
. * Bin settings to match the paper's x-axis: 4.25 to ~5.55 in $0.10 steps
. local start 4.25

. local width 0.10

. 
. *----------------------------*
. * Panel A: February 1992
. *----------------------------*
. twoway ///
>  (histogram WAGE_ST if STATE==1 & !missing(WAGE_ST), ///
>      start(`start') width(`width') percent ///
>      fcolor(black%60) lcolor(black)) ///
>  (histogram WAGE_ST if STATE==0 & !missing(WAGE_ST), ///
>      start(`start') width(`width') percent ///
>      fcolor(none) lcolor(black) lpattern(dash)), ///
>  legend(order(1 "New Jersey" 2 "Pennsylvania") pos(11) ring(0) cols(1)) ///
>  title("February 1992") ///
>  ytitle("Percent of Stores") xtitle("Wage Range") ///
>  graphregion(color(white)) plotregion(margin(zero))

. 
. graph save "fig_wave1.gph", replace
file fig_wave1.gph saved

. graph export "fig_wave1.png", replace
file /Users/yuanhaining/Desktop/fig_wave1.png saved as PNG format

. 
. *----------------------------*
. * Panel B: November 1992
. *----------------------------*
. twoway ///
>  (histogram WAGE_ST2 if STATE==1 & !missing(WAGE_ST2), ///
>      start(`start') width(`width') percent ///
>      fcolor(black%60) lcolor(black)) ///
>  (histogram WAGE_ST2 if STATE==0 & !missing(WAGE_ST2), ///
>      start(`start') width(`width') percent ///
>      fcolor(none) lcolor(black) lpattern(dash)), ///
>  legend(order(1 "New Jersey" 2 "Pennsylvania") pos(11) ring(0) cols(1)) ///
>  title("November 1992") ///
>  ytitle("Percent of Stores") xtitle("Wage Range") ///
>  graphregion(color(white)) plotregion(margin(zero))

. 
. graph save "fig_wave2.gph", replace
file fig_wave2.gph saved

. graph export "fig_wave2.png", replace
file /Users/yuanhaining/Desktop/fig_wave2.png saved as PNG format

. 
. *----------------------------*
. * Combine vertically (like the paper)
. *----------------------------*
. graph combine "fig_wave1.gph" "fig_wave2.gph", ///
>     col(1) imargin(zero) ///
>     title("Distribution of Starting Wage Rates") ///
>     name(fig_all, replace)

. graph export "figure1_replication.png", replace
file /Users/yuanhaining/Desktop/figure1_replication.png saved as PNG format

. 
. *============================*
. * e)TABLE 3 (replication)
. *============================*
. 
. * Rebuild helper vars safely
. capture drop FTE1 FTE2 balanced closed2 FTE2z dFTE dFTEz nj_low nj_mid nj_high

. gen FTE1 = EMPFT  + 0.5*EMPPT
variable FTE1 already defined
r(110);

end of do-file

r(110);

. do "/var/folders/n6/b63hv83n6kv6klpfspjfc53c0000gn/T//SD16029.000000"

. * --- Q4 setup: load Card & Krueger data ---
. clear all

. set more off

. 
. * Set the working directory
. cd "/Users/yuanhaining/Desktop/"
/Users/yuanhaining/Desktop

. 
. * Load the dataset
.  use cardnj.dta, clear

.  
. * part c:  Table 2 from Card & Krueger (1994)
. * Verify data structure
. describe

Contains data from cardnj.dta
 Observations:           410                  
    Variables:            46                  5 Nov 2021 04:00
--------------------------------------------------------------------------------------------------
Variable      Storage   Display    Value
    name         type    format    label      Variable label
--------------------------------------------------------------------------------------------------
SHEET           float   %9.0g                 sheet number (unique store id)
CHAIN           byte    %8.0g                 chain 1=bk; 2=kfc; 3=roys; 4=wendys
CO_OWNED        byte    %8.0g                 1 if company owned
STATE           byte    %8.0g                 1 if NJ; 0 if Pa
SOUTHJ          byte    %8.0g                 1 if in southern NJ
CENTRALJ        byte    %8.0g                 1 if in central NJ
NORTHJ          byte    %8.0g                 1 if in northern NJ
PA1             byte    %8.0g                 1 if in PA, northeast suburbs of Phila
PA2             byte    %8.0g                 1 if in PA, Easton etc
SHORE           byte    %8.0g                 1 if on NJ shore
NCALLS          float   %9.0g                 number of call-backs*
EMPFT           float   %9.0g                 # full-time employees
EMPPT           float   %9.0g                 # part-time employees
NMGRS           float   %9.0g                 # managers/ass't managers
WAGE_ST         float   %9.0g                 starting wage ($/hr)
INCTIME         float   %9.0g                 months to usual first raise
FIRSTINC        float   %9.0g                 usual amount of first raise ($/hr)
BONUS           byte    %8.0g                 1 if cash bounty for new workers
PCTAFF          float   %9.0g                 % employees affected by new minimum
MEALS           byte    %8.0g                 free/reduced price code (See below)
OPEN            float   %9.0g                 hour of opening
HRSOPEN         float   %9.0g                 number hrs open per day
PSODA           float   %9.0g                 price of medium soda, including tax
PFRY            float   %9.0g                 price of small fries, including tax
PENTREE         float   %9.0g                 price of entree, including tax
NREGS           float   %9.0g                 number of cash registers in store
NREGS11         float   %9.0g                 number of registers open at 11:00 am
TYPE2           byte    %8.0g                 type 2nd interview 1=phone; 2=personal
STATUS2         byte    %8.0g                 status of second interview: see below
DATE2           float   %td                   date of second interview MMDDYY format
NCALLS2         float   %9.0g                 number of call-backs*
EMPFT2          float   %9.0g                 # full-time employees
EMPPT2          float   %9.0g                 # part-time employees
NMGRS2          float   %9.0g                 # managers/ass't managers
WAGE_ST2        float   %9.0g                 starting wage ($/hr)
INCTIME2        float   %9.0g                 months to usual first raise
FIRSTIN2        float   %9.0g                 usual amount of first raise ($/hr)
SPECIAL2        byte    %8.0g                 1 if special program for new workers
MEALS2          byte    %8.0g                 free/reduced price code (See below)
OPEN2R          float   %9.0g                 hour of opening
HRSOPEN2        float   %9.0g                 number hrs open per day
PSODA2          float   %9.0g                 price of medium soda, including tax
PFRY2           float   %9.0g                 price of small fries, including tax
PENTREE2        float   %9.0g                 price of entree, including tax
NREGS2          float   %9.0g                 number of cash registers in store
NREGS112        float   %9.0g                 number of registers open at 11:00 am
--------------------------------------------------------------------------------------------------
Sorted by: 

. * ️1 Distribution of store types (Burger King, KFC, Roy Rogers, Wendy's)
. tab CHAIN STATE, col

+-------------------+
| Key               |
|-------------------|
|     frequency     |
| column percentage |
+-------------------+

     chain |
     1=bk; |
    2=kfc; |
   3=roys; |   1 if NJ; 0 if Pa
  4=wendys |         0          1 |     Total
-----------+----------------------+----------
         1 |        35        136 |       171 
           |     44.30      41.09 |     41.71 
-----------+----------------------+----------
         2 |        12         68 |        80 
           |     15.19      20.54 |     19.51 
-----------+----------------------+----------
         3 |        17         82 |        99 
           |     21.52      24.77 |     24.15 
-----------+----------------------+----------
         4 |        15         45 |        60 
           |     18.99      13.60 |     14.63 
-----------+----------------------+----------
     Total |        79        331 |       410 
           |    100.00     100.00 |    100.00 

. 
. * 2 Create full-time-equivalent (FTE) employment for Wave 1
. gen FTE1 = EMPFT + 0.5*EMPPT
(6 missing values generated)

. 
. * 3 Calculate summary statistics for Wave 1 (Pre-treatment)
. bysort STATE: summarize FTE1 EMPFT EMPPT NMGRS WAGE_ST PSODA PFRY PENTREE HRSOPEN

--------------------------------------------------------------------------------------------------
-> STATE = 0

    Variable |        Obs        Mean    Std. dev.       Min        Max
-------------+---------------------------------------------------------
        FTE1 |         78    19.94872    11.67994        4.5       67.5
       EMPFT |         78    10.20513    10.77589          0         50
       EMPPT |         78    19.48718    9.577427          2         55
       NMGRS |         78    3.538462    1.101266          1          7
     WAGE_ST |         76    4.630132    .3516873       4.25        5.5
-------------+---------------------------------------------------------
       PSODA |         77    .9746753    .0694827        .73       1.13
        PFRY |         77     .841948      .08751        .69       1.05
     PENTREE |         77    1.215065    .6228893        .52        3.5
     HRSOPEN |         79    14.52532    2.951422          8         24

--------------------------------------------------------------------------------------------------
-> STATE = 1

    Variable |        Obs        Mean    Std. dev.       Min        Max
-------------+---------------------------------------------------------
        FTE1 |        326    17.06518    8.727993          3         80
       EMPFT |        326    7.723926     7.96389          0         60
       EMPPT |        328     18.6753    10.20586          0         60
       NMGRS |        326    3.392025    .9972875          1         10
     WAGE_ST |        314    4.612134    .3463505       4.25       5.75
-------------+---------------------------------------------------------
       PSODA |        325    1.061508    .0845789        .85       1.49
        PFRY |        316    .9414873    .1007779        .67       1.27
     PENTREE |        321    1.347882    .6461413        .49       3.95
     HRSOPEN |        331    14.41843    2.779414          7         24


. 
. * 4 Create FTE for Wave 2
. gen FTE2 = EMPFT2 + 0.5*EMPPT2
(13 missing values generated)

. 
. * 5 Summary statistics for Wave 2 (Post-treatment)
. bysort STATE: summarize FTE2 EMPFT2 EMPPT2 NMGRS2 WAGE_ST2 PSODA2 PFRY2 PENTREE2 HRSOPEN2

--------------------------------------------------------------------------------------------------
-> STATE = 0

    Variable |        Obs        Mean    Std. dev.       Min        Max
-------------+---------------------------------------------------------
        FTE2 |         77    17.54221    7.909272          0      38.25
      EMPFT2 |         77    7.564935    8.492005          0         35
      EMPPT2 |         77    19.95455    10.20422          0         48
      NMGRS2 |         78    3.641026    1.289058          0          8
    WAGE_ST2 |         71    4.617465    .3574781       4.25       6.25
-------------+---------------------------------------------------------
      PSODA2 |         77    .9754545     .084348        .41       1.11
       PFRY2 |         73     .859863    .0952991        .69       1.11
    PENTREE2 |         75    1.185467    .5779607        .63       2.64
    HRSOPEN2 |         78    14.65385    2.887847          9         24

--------------------------------------------------------------------------------------------------
-> STATE = 1

    Variable |        Obs        Mean    Std. dev.       Min        Max
-------------+---------------------------------------------------------
        FTE2 |        320    17.57266    8.778737          0       55.5
      EMPFT2 |        321    8.445483    7.844942          0         40
      EMPPT2 |        323    18.37307    10.80736          0         60
      NMGRS2 |        326    3.446319    1.100085          0          8
    WAGE_ST2 |        318    5.080849    .1045445          5       5.75
-------------+---------------------------------------------------------
      PSODA2 |        311    1.062154    .0876845        .84        1.4
       PFRY2 |        309    .9604531    .1035182        .73       1.37
    PENTREE2 |        311    1.394727    .6602745        .41       2.85
    HRSOPEN2 |        321    14.41978    2.721297          8         24


. 
. * 6 t-tests comparing NJ vs. PA
. ttest FTE1, by(STATE)

Two-sample t test with equal variances
------------------------------------------------------------------------------
   Group |     Obs        Mean    Std. err.   Std. dev.   [95% conf. interval]
---------+--------------------------------------------------------------------
       0 |      78    19.94872    1.322493    11.67994     17.3153    22.58214
       1 |     326    17.06518    .4833988    8.727993     16.1142    18.01617
---------+--------------------------------------------------------------------
Combined |     404    17.62191    .4688249    9.423264    16.70026    18.54355
---------+--------------------------------------------------------------------
    diff |            2.883534    1.180528                .5627538    5.204314
------------------------------------------------------------------------------
    diff = mean(0) - mean(1)                                      t =   2.4426
H0: diff = 0                                     Degrees of freedom =      402

    Ha: diff < 0                 Ha: diff != 0                 Ha: diff > 0
 Pr(T < t) = 0.9925         Pr(|T| > |t|) = 0.0150          Pr(T > t) = 0.0075

. ttest FTE2, by(STATE)

Two-sample t test with equal variances
------------------------------------------------------------------------------
   Group |     Obs        Mean    Std. err.   Std. dev.   [95% conf. interval]
---------+--------------------------------------------------------------------
       0 |      77    17.54221    .9013452    7.909272    15.74702    19.33739
       1 |     320    17.57266    .4907463    8.778737    16.60715    18.53816
---------+--------------------------------------------------------------------
Combined |     397    17.56675    .4319923    8.607385    16.71747    18.41604
---------+--------------------------------------------------------------------
    diff |           -.0304485    1.093943               -2.181127     2.12023
------------------------------------------------------------------------------
    diff = mean(0) - mean(1)                                      t =  -0.0278
H0: diff = 0                                     Degrees of freedom =      395

    Ha: diff < 0                 Ha: diff != 0                 Ha: diff > 0
 Pr(T < t) = 0.4889         Pr(|T| > |t|) = 0.9778          Pr(T > t) = 0.5111

. ttest WAGE_ST, by(STATE)

Two-sample t test with equal variances
------------------------------------------------------------------------------
   Group |     Obs        Mean    Std. err.   Std. dev.   [95% conf. interval]
---------+--------------------------------------------------------------------
       0 |      76    4.630132    .0403413    .3516873    4.549768    4.710496
       1 |     314    4.612134    .0195457    .3463505    4.573676    4.650591
---------+--------------------------------------------------------------------
Combined |     390    4.615641    .0175718    .3470151    4.581093    4.650189
---------+--------------------------------------------------------------------
    diff |            .0179978    .0444095               -.0693156    .1053113
------------------------------------------------------------------------------
    diff = mean(0) - mean(1)                                      t =   0.4053
H0: diff = 0                                     Degrees of freedom =      388

    Ha: diff < 0                 Ha: diff != 0                 Ha: diff > 0
 Pr(T < t) = 0.6572         Pr(|T| > |t|) = 0.6855          Pr(T > t) = 0.3428

. ttest WAGE_ST2, by(STATE)

Two-sample t test with equal variances
------------------------------------------------------------------------------
   Group |     Obs        Mean    Std. err.   Std. dev.   [95% conf. interval]
---------+--------------------------------------------------------------------
       0 |      71    4.617465    .0424249    .3574781    4.532851    4.702078
       1 |     318    5.080849    .0058626    .1045445    5.069315    5.092384
---------+--------------------------------------------------------------------
Combined |     389    4.996273    .0128373    .2531905    4.971033    5.021512
---------+--------------------------------------------------------------------
    diff |           -.4633844    .0235051               -.5095982   -.4171707
------------------------------------------------------------------------------
    diff = mean(0) - mean(1)                                      t = -19.7142
H0: diff = 0                                     Degrees of freedom =      387

    Ha: diff < 0                 Ha: diff != 0                 Ha: diff > 0
 Pr(T < t) = 0.0000         Pr(|T| > |t|) = 0.0000          Pr(T > t) = 1.0000

. ttest PSODA2, by(STATE)

Two-sample t test with equal variances
------------------------------------------------------------------------------
   Group |     Obs        Mean    Std. err.   Std. dev.   [95% conf. interval]
---------+--------------------------------------------------------------------
       0 |      77    .9754545    .0096124     .084348    .9563099    .9945992
       1 |     311    1.062154    .0049721    .0876845    1.052371    1.071938
---------+--------------------------------------------------------------------
Combined |     388    1.044948    .0047501     .093567    1.035609    1.054288
---------+--------------------------------------------------------------------
    diff |           -.0866998    .0110789               -.1084824   -.0649172
------------------------------------------------------------------------------
    diff = mean(0) - mean(1)                                      t =  -7.8256
H0: diff = 0                                     Degrees of freedom =      386

    Ha: diff < 0                 Ha: diff != 0                 Ha: diff > 0
 Pr(T < t) = 0.0000         Pr(|T| > |t|) = 0.0000          Pr(T > t) = 1.0000

. ttest PFRY2, by(STATE)

Two-sample t test with equal variances
------------------------------------------------------------------------------
   Group |     Obs        Mean    Std. err.   Std. dev.   [95% conf. interval]
---------+--------------------------------------------------------------------
       0 |      73     .859863    .0111539    .0952991    .8376281    .8820979
       1 |     309    .9604531    .0058889    .1035182    .9488654    .9720407
---------+--------------------------------------------------------------------
Combined |     382    .9412304    .0055925    .1093037    .9302344    .9522263
---------+--------------------------------------------------------------------
    diff |           -.1005901    .0132752               -.1266921    -.074488
------------------------------------------------------------------------------
    diff = mean(0) - mean(1)                                      t =  -7.5773
H0: diff = 0                                     Degrees of freedom =      380

    Ha: diff < 0                 Ha: diff != 0                 Ha: diff > 0
 Pr(T < t) = 0.0000         Pr(|T| > |t|) = 0.0000          Pr(T > t) = 1.0000

. ttest PENTREE2, by(STATE)

Two-sample t test with equal variances
------------------------------------------------------------------------------
   Group |     Obs        Mean    Std. err.   Std. dev.   [95% conf. interval]
---------+--------------------------------------------------------------------
       0 |      75    1.185467    .0667372    .5779607     1.05249    1.318443
       1 |     311    1.394727    .0374407    .6602745    1.321057    1.468397
---------+--------------------------------------------------------------------
Combined |     386    1.354067     .033069    .6497019    1.289049    1.419086
---------+--------------------------------------------------------------------
    diff |             -.20926    .0830036               -.3724584   -.0460616
------------------------------------------------------------------------------
    diff = mean(0) - mean(1)                                      t =  -2.5211
H0: diff = 0                                     Degrees of freedom =      384

    Ha: diff < 0                 Ha: diff != 0                 Ha: diff > 0
 Pr(T < t) = 0.0061         Pr(|T| > |t|) = 0.0121          Pr(T > t) = 0.9939

. 
. *------------------------------------------------------------*
. * d)Figure 1: Distribution of Starting Wage Rates (CK 1994)
. *------------------------------------------------------------*
. 
. * bar color black-and-white
. set scheme s2mono

. 
. * Bin settings to match the paper's x-axis: 4.25 to ~5.55 in $0.10 steps
. local start 4.25

. local width 0.10

. 
. *----------------------------*
. * Panel A: February 1992
. *----------------------------*
. twoway ///
>  (histogram WAGE_ST if STATE==1 & !missing(WAGE_ST), ///
>      start(`start') width(`width') percent ///
>      fcolor(black%60) lcolor(black)) ///
>  (histogram WAGE_ST if STATE==0 & !missing(WAGE_ST), ///
>      start(`start') width(`width') percent ///
>      fcolor(none) lcolor(black) lpattern(dash)), ///
>  legend(order(1 "New Jersey" 2 "Pennsylvania") pos(11) ring(0) cols(1)) ///
>  title("February 1992") ///
>  ytitle("Percent of Stores") xtitle("Wage Range") ///
>  graphregion(color(white)) plotregion(margin(zero))

. 
. graph save "fig_wave1.gph", replace
file fig_wave1.gph saved

. graph export "fig_wave1.png", replace
file /Users/yuanhaining/Desktop/fig_wave1.png saved as PNG format

. 
. *----------------------------*
. * Panel B: November 1992
. *----------------------------*
. twoway ///
>  (histogram WAGE_ST2 if STATE==1 & !missing(WAGE_ST2), ///
>      start(`start') width(`width') percent ///
>      fcolor(black%60) lcolor(black)) ///
>  (histogram WAGE_ST2 if STATE==0 & !missing(WAGE_ST2), ///
>      start(`start') width(`width') percent ///
>      fcolor(none) lcolor(black) lpattern(dash)), ///
>  legend(order(1 "New Jersey" 2 "Pennsylvania") pos(11) ring(0) cols(1)) ///
>  title("November 1992") ///
>  ytitle("Percent of Stores") xtitle("Wage Range") ///
>  graphregion(color(white)) plotregion(margin(zero))

. 
. graph save "fig_wave2.gph", replace
file fig_wave2.gph saved

. graph export "fig_wave2.png", replace
file /Users/yuanhaining/Desktop/fig_wave2.png saved as PNG format

. 
. *----------------------------*
. * Combine vertically (like the paper)
. *----------------------------*
. graph combine "fig_wave1.gph" "fig_wave2.gph", ///
>     col(1) imargin(zero) ///
>     title("Distribution of Starting Wage Rates") ///
>     name(fig_all, replace)

. graph export "figure1_replication.png", replace
file /Users/yuanhaining/Desktop/figure1_replication.png saved as PNG format

. 
. *============================*
. * e)TABLE 3 (replication)
. *============================*
. 
. * ==================== Card & Krueger (1994) — Tables 3 and 4 ====================
. clear all

. set more off

. 
. * --- Load data ---
. cd "/Users/yuanhaining/Desktop/"
/Users/yuanhaining/Desktop

. use "cardnj.dta", clear

. 
. * --- Reset / (re)build helper variables safely ---
. foreach v in FTE1 FTE2 FTE2z dFTE dFTEz balanced closed2 nj_low nj_mid nj_high wagegap NJ sample
>  {
  2.     capture drop `v'
  3. }

. 
. * Full-time-equivalent employment in each wave
. gen FTE1 = EMPFT  + 0.5*EMPPT
(6 missing values generated)

. gen FTE2 = EMPFT2 + 0.5*EMPPT2
(13 missing values generated)

. 
. * Balanced panel: employment observed in both waves
. gen balanced = !missing(FTE1) & !missing(FTE2)

. 
. * Wave-2 temporarily closed: handle gracefully if STATUS2 exists
. capture confirm variable STATUS2

. if _rc==0 {
.     * Common coding: 1=open. Adjust here if your coding differs.
.     gen closed2 = (STATUS2!=. & STATUS2!=1)
. }

. else {
.     di as text "NOTE: STATUS2 not found; treating all wave-2 stores as open."
.     gen closed2 = 0
. }

. 
. * Set FTE2=0 for closed stores (used in Table 3 row 5)
. gen FTE2z = FTE2
(13 missing values generated)

. replace FTE2z = 0 if closed2
(5 real changes made)

. 
. * Changes
. gen dFTE  = FTE2  - FTE1
(19 missing values generated)

. gen dFTEz = FTE2z - FTE1
(14 missing values generated)

. 
. * New Jersey wage groups based on Wave-1 starting wage (exactly as in CK)
. gen nj_low  = (STATE==1 & WAGE_ST==4.25)

. gen nj_mid  = (STATE==1 & WAGE_ST>4.25 & WAGE_ST<5)

. gen nj_high = (STATE==1 & WAGE_ST>=5)

. 
. * =============================== TABLE 3 ========================================
. di as txt "================  TABLE 3 (replication)  ================"
================  TABLE 3 (replication)  ================

. 
. * --- PA vs NJ means and changes ---
. quietly summarize FTE1 if STATE==0

. local pa_fte1 = r(mean)

. quietly summarize FTE1 if STATE==1

. local nj_fte1 = r(mean)

. 
. quietly summarize FTE2 if STATE==0

. local pa_fte2 = r(mean)

. quietly summarize FTE2 if STATE==1

. local nj_fte2 = r(mean)

. 
. local diff_fte1 = `nj_fte1' - `pa_fte1'

. local diff_fte2 = `nj_fte2' - `pa_fte2'

. 
. local pa_chg3   = `pa_fte2' - `pa_fte1'

. local nj_chg3   = `nj_fte2' - `nj_fte1'

. local diff_chg3 = `nj_chg3' - `pa_chg3'

. 
. quietly summarize dFTE if STATE==0 & balanced

. local pa_chg4 = r(mean)

. quietly summarize dFTE if STATE==1 & balanced

. local nj_chg4 = r(mean)

. local diff_chg4 = `nj_chg4' - `pa_chg4'

. 
. quietly summarize dFTEz if STATE==0 & balanced

. local pa_chg5 = r(mean)

. quietly summarize dFTEz if STATE==1 & balanced

. local nj_chg5 = r(mean)

. local diff_chg5 = `nj_chg5' - `pa_chg5'

. 
. * --- Within-NJ means/changes by W1 wage group ---
. quietly summarize FTE1 if nj_low

. local l_fte1 = r(mean)

. quietly summarize FTE1 if nj_mid

. local m_fte1 = r(mean)

. quietly summarize FTE1 if nj_high

. local h_fte1 = r(mean)

. 
. quietly summarize FTE2 if nj_low

. local l_fte2 = r(mean)

. quietly summarize FTE2 if nj_mid

. local m_fte2 = r(mean)

. quietly summarize FTE2 if nj_high

. local h_fte2 = r(mean)

. 
. local l_chg3 = `l_fte2' - `l_fte1'

. local m_chg3 = `m_fte2' - `m_fte1'

. local h_chg3 = `h_fte2' - `h_fte1'

. 
. quietly summarize dFTE if nj_low  & balanced

. local l_chg4 = r(mean)

. quietly summarize dFTE if nj_mid  & balanced

. local m_chg4 = r(mean)

. quietly summarize dFTE if nj_high & balanced

. local h_chg4 = r(mean)

. 
. quietly summarize dFTEz if nj_low  & balanced

. local l_chg5 = r(mean)

. quietly summarize dFTEz if nj_mid  & balanced

. local m_chg5 = r(mean)

. quietly summarize dFTEz if nj_high & balanced

. local h_chg5 = r(mean)

. 
. * Differences within NJ (low–high, mid–high)
. local d1_lowhigh = `l_fte1' - `h_fte1'

. local d1_midhigh = `m_fte1' - `h_fte1'

. local d2_lowhigh = `l_fte2' - `h_fte2'

. local d2_midhigh = `m_fte2' - `h_fte2'

. local d3_lowhigh = `l_chg3' - `h_chg3'

. local d3_midhigh = `m_chg3' - `h_chg3'

. local d4_lowhigh = `l_chg4' - `h_chg4'

. local d4_midhigh = `m_chg4' - `h_chg4'

. local d5_lowhigh = `l_chg5' - `h_chg5'

. local d5_midhigh = `m_chg5' - `h_chg5'

. 
. * --- Print Table 3 as a grid (built-in, no packages) ---
. matrix T3 = J(5,8,.)

. matrix rownames T3 = "FTE before (W1)" "FTE after (W2)" "Δ mean (unbal.)" "Δ mean (balanced)" "Δ
>  mean (bal., closed=0)"

. matrix colnames T3 = "PA (i)" "NJ (ii)" "NJ-PA (iii)" "NJ<=4.25 (iv)" "NJ 4.26-4.99 (v)" "NJ>=5 
> (vi)" "Low-High (vii)" "Mid-High (viii)"

. matrix T3[1,1] = `pa_fte1', `nj_fte1', `diff_fte1', `l_fte1', `m_fte1', `h_fte1', `d1_lowhigh', 
> `d1_midhigh'

. matrix T3[2,1] = `pa_fte2', `nj_fte2', `diff_fte2', `l_fte2', `m_fte2', `h_fte2', `d2_lowhigh', 
> `d2_midhigh'

. matrix T3[3,1] = `pa_chg3', `nj_chg3', `diff_chg3', `l_chg3', `m_chg3', `h_chg3', `d3_lowhigh', 
> `d3_midhigh'

. matrix T3[4,1] = `pa_chg4', `nj_chg4', `diff_chg4', `l_chg4', `m_chg4', `h_chg4', `d4_lowhigh', 
> `d4_midhigh'

. matrix T3[5,1] = `pa_chg5', `nj_chg5', `diff_chg5', `l_chg5', `m_chg5', `h_chg5', `d5_lowhigh', 
> `d5_midhigh'

. 
. matlist T3, names format(%6.2f)

             |  PA(i)  NJ(ii)  NJ-P~)  NJ<=~)  NJ 4~)  NJ>=~)  Low-~)  Mid-~) 
-------------+---------------------------------------------------------------
FTE befor~1) |  19.95   17.07   -2.88   16.35   16.56   18.68   -2.33   -2.12 
FTE after~2) |  17.54   17.57    0.03   17.37   17.56   17.82   -0.46   -0.26 
Δ mean (un~) |  -2.41    0.51    2.91    1.02    1.01   -0.85    1.87    1.86 
Δ mean (ba~) |  -2.49    0.45    2.94    1.04    0.84   -0.84    1.89    1.68 
Δ mean (b~0) |  -2.49    0.45    2.94    1.04    0.84   -0.84    1.89    1.68 

. di as txt "=========================================================="
==========================================================

. 
. * (Optional) export the grid to CSV
. preserve

. clear

. svmat double T3, names(col)
invalid syntax
r(198);

end of do-file

r(198);

. do "/var/folders/n6/b63hv83n6kv6klpfspjfc53c0000gn/T//SD16029.000000"

. * --- Q4 setup: load Card & Krueger data ---
. clear all

. set more off

. 
. * Set the working directory
. cd "/Users/yuanhaining/Desktop/"
/Users/yuanhaining/Desktop

. 
. * Load the dataset
.  use cardnj.dta, clear

.  
. * part c:  Table 2 from Card & Krueger (1994)
. * Verify data structure
. describe

Contains data from cardnj.dta
 Observations:           410                  
    Variables:            46                  5 Nov 2021 04:00
--------------------------------------------------------------------------------------------------
Variable      Storage   Display    Value
    name         type    format    label      Variable label
--------------------------------------------------------------------------------------------------
SHEET           float   %9.0g                 sheet number (unique store id)
CHAIN           byte    %8.0g                 chain 1=bk; 2=kfc; 3=roys; 4=wendys
CO_OWNED        byte    %8.0g                 1 if company owned
STATE           byte    %8.0g                 1 if NJ; 0 if Pa
SOUTHJ          byte    %8.0g                 1 if in southern NJ
CENTRALJ        byte    %8.0g                 1 if in central NJ
NORTHJ          byte    %8.0g                 1 if in northern NJ
PA1             byte    %8.0g                 1 if in PA, northeast suburbs of Phila
PA2             byte    %8.0g                 1 if in PA, Easton etc
SHORE           byte    %8.0g                 1 if on NJ shore
NCALLS          float   %9.0g                 number of call-backs*
EMPFT           float   %9.0g                 # full-time employees
EMPPT           float   %9.0g                 # part-time employees
NMGRS           float   %9.0g                 # managers/ass't managers
WAGE_ST         float   %9.0g                 starting wage ($/hr)
INCTIME         float   %9.0g                 months to usual first raise
FIRSTINC        float   %9.0g                 usual amount of first raise ($/hr)
BONUS           byte    %8.0g                 1 if cash bounty for new workers
PCTAFF          float   %9.0g                 % employees affected by new minimum
MEALS           byte    %8.0g                 free/reduced price code (See below)
OPEN            float   %9.0g                 hour of opening
HRSOPEN         float   %9.0g                 number hrs open per day
PSODA           float   %9.0g                 price of medium soda, including tax
PFRY            float   %9.0g                 price of small fries, including tax
PENTREE         float   %9.0g                 price of entree, including tax
NREGS           float   %9.0g                 number of cash registers in store
NREGS11         float   %9.0g                 number of registers open at 11:00 am
TYPE2           byte    %8.0g                 type 2nd interview 1=phone; 2=personal
STATUS2         byte    %8.0g                 status of second interview: see below
DATE2           float   %td                   date of second interview MMDDYY format
NCALLS2         float   %9.0g                 number of call-backs*
EMPFT2          float   %9.0g                 # full-time employees
EMPPT2          float   %9.0g                 # part-time employees
NMGRS2          float   %9.0g                 # managers/ass't managers
WAGE_ST2        float   %9.0g                 starting wage ($/hr)
INCTIME2        float   %9.0g                 months to usual first raise
FIRSTIN2        float   %9.0g                 usual amount of first raise ($/hr)
SPECIAL2        byte    %8.0g                 1 if special program for new workers
MEALS2          byte    %8.0g                 free/reduced price code (See below)
OPEN2R          float   %9.0g                 hour of opening
HRSOPEN2        float   %9.0g                 number hrs open per day
PSODA2          float   %9.0g                 price of medium soda, including tax
PFRY2           float   %9.0g                 price of small fries, including tax
PENTREE2        float   %9.0g                 price of entree, including tax
NREGS2          float   %9.0g                 number of cash registers in store
NREGS112        float   %9.0g                 number of registers open at 11:00 am
--------------------------------------------------------------------------------------------------
Sorted by: 

. * ️1 Distribution of store types (Burger King, KFC, Roy Rogers, Wendy's)
. tab CHAIN STATE, col

+-------------------+
| Key               |
|-------------------|
|     frequency     |
| column percentage |
+-------------------+

     chain |
     1=bk; |
    2=kfc; |
   3=roys; |   1 if NJ; 0 if Pa
  4=wendys |         0          1 |     Total
-----------+----------------------+----------
         1 |        35        136 |       171 
           |     44.30      41.09 |     41.71 
-----------+----------------------+----------
         2 |        12         68 |        80 
           |     15.19      20.54 |     19.51 
-----------+----------------------+----------
         3 |        17         82 |        99 
           |     21.52      24.77 |     24.15 
-----------+----------------------+----------
         4 |        15         45 |        60 
           |     18.99      13.60 |     14.63 
-----------+----------------------+----------
     Total |        79        331 |       410 
           |    100.00     100.00 |    100.00 

. 
. * 2 Create full-time-equivalent (FTE) employment for Wave 1
. gen FTE1 = EMPFT + 0.5*EMPPT
(6 missing values generated)

. 
. * 3 Calculate summary statistics for Wave 1 (Pre-treatment)
. bysort STATE: summarize FTE1 EMPFT EMPPT NMGRS WAGE_ST PSODA PFRY PENTREE HRSOPEN

--------------------------------------------------------------------------------------------------
-> STATE = 0

    Variable |        Obs        Mean    Std. dev.       Min        Max
-------------+---------------------------------------------------------
        FTE1 |         78    19.94872    11.67994        4.5       67.5
       EMPFT |         78    10.20513    10.77589          0         50
       EMPPT |         78    19.48718    9.577427          2         55
       NMGRS |         78    3.538462    1.101266          1          7
     WAGE_ST |         76    4.630132    .3516873       4.25        5.5
-------------+---------------------------------------------------------
       PSODA |         77    .9746753    .0694827        .73       1.13
        PFRY |         77     .841948      .08751        .69       1.05
     PENTREE |         77    1.215065    .6228893        .52        3.5
     HRSOPEN |         79    14.52532    2.951422          8         24

--------------------------------------------------------------------------------------------------
-> STATE = 1

    Variable |        Obs        Mean    Std. dev.       Min        Max
-------------+---------------------------------------------------------
        FTE1 |        326    17.06518    8.727993          3         80
       EMPFT |        326    7.723926     7.96389          0         60
       EMPPT |        328     18.6753    10.20586          0         60
       NMGRS |        326    3.392025    .9972875          1         10
     WAGE_ST |        314    4.612134    .3463505       4.25       5.75
-------------+---------------------------------------------------------
       PSODA |        325    1.061508    .0845789        .85       1.49
        PFRY |        316    .9414873    .1007779        .67       1.27
     PENTREE |        321    1.347882    .6461413        .49       3.95
     HRSOPEN |        331    14.41843    2.779414          7         24


. 
. * 4 Create FTE for Wave 2
. gen FTE2 = EMPFT2 + 0.5*EMPPT2
(13 missing values generated)

. 
. * 5 Summary statistics for Wave 2 (Post-treatment)
. bysort STATE: summarize FTE2 EMPFT2 EMPPT2 NMGRS2 WAGE_ST2 PSODA2 PFRY2 PENTREE2 HRSOPEN2

--------------------------------------------------------------------------------------------------
-> STATE = 0

    Variable |        Obs        Mean    Std. dev.       Min        Max
-------------+---------------------------------------------------------
        FTE2 |         77    17.54221    7.909272          0      38.25
      EMPFT2 |         77    7.564935    8.492005          0         35
      EMPPT2 |         77    19.95455    10.20422          0         48
      NMGRS2 |         78    3.641026    1.289058          0          8
    WAGE_ST2 |         71    4.617465    .3574781       4.25       6.25
-------------+---------------------------------------------------------
      PSODA2 |         77    .9754545     .084348        .41       1.11
       PFRY2 |         73     .859863    .0952991        .69       1.11
    PENTREE2 |         75    1.185467    .5779607        .63       2.64
    HRSOPEN2 |         78    14.65385    2.887847          9         24

--------------------------------------------------------------------------------------------------
-> STATE = 1

    Variable |        Obs        Mean    Std. dev.       Min        Max
-------------+---------------------------------------------------------
        FTE2 |        320    17.57266    8.778737          0       55.5
      EMPFT2 |        321    8.445483    7.844942          0         40
      EMPPT2 |        323    18.37307    10.80736          0         60
      NMGRS2 |        326    3.446319    1.100085          0          8
    WAGE_ST2 |        318    5.080849    .1045445          5       5.75
-------------+---------------------------------------------------------
      PSODA2 |        311    1.062154    .0876845        .84        1.4
       PFRY2 |        309    .9604531    .1035182        .73       1.37
    PENTREE2 |        311    1.394727    .6602745        .41       2.85
    HRSOPEN2 |        321    14.41978    2.721297          8         24


. 
. * 6 t-tests comparing NJ vs. PA
. ttest FTE1, by(STATE)

Two-sample t test with equal variances
------------------------------------------------------------------------------
   Group |     Obs        Mean    Std. err.   Std. dev.   [95% conf. interval]
---------+--------------------------------------------------------------------
       0 |      78    19.94872    1.322493    11.67994     17.3153    22.58214
       1 |     326    17.06518    .4833988    8.727993     16.1142    18.01617
---------+--------------------------------------------------------------------
Combined |     404    17.62191    .4688249    9.423264    16.70026    18.54355
---------+--------------------------------------------------------------------
    diff |            2.883534    1.180528                .5627538    5.204314
------------------------------------------------------------------------------
    diff = mean(0) - mean(1)                                      t =   2.4426
H0: diff = 0                                     Degrees of freedom =      402

    Ha: diff < 0                 Ha: diff != 0                 Ha: diff > 0
 Pr(T < t) = 0.9925         Pr(|T| > |t|) = 0.0150          Pr(T > t) = 0.0075

. ttest FTE2, by(STATE)

Two-sample t test with equal variances
------------------------------------------------------------------------------
   Group |     Obs        Mean    Std. err.   Std. dev.   [95% conf. interval]
---------+--------------------------------------------------------------------
       0 |      77    17.54221    .9013452    7.909272    15.74702    19.33739
       1 |     320    17.57266    .4907463    8.778737    16.60715    18.53816
---------+--------------------------------------------------------------------
Combined |     397    17.56675    .4319923    8.607385    16.71747    18.41604
---------+--------------------------------------------------------------------
    diff |           -.0304485    1.093943               -2.181127     2.12023
------------------------------------------------------------------------------
    diff = mean(0) - mean(1)                                      t =  -0.0278
H0: diff = 0                                     Degrees of freedom =      395

    Ha: diff < 0                 Ha: diff != 0                 Ha: diff > 0
 Pr(T < t) = 0.4889         Pr(|T| > |t|) = 0.9778          Pr(T > t) = 0.5111

. ttest WAGE_ST, by(STATE)

Two-sample t test with equal variances
------------------------------------------------------------------------------
   Group |     Obs        Mean    Std. err.   Std. dev.   [95% conf. interval]
---------+--------------------------------------------------------------------
       0 |      76    4.630132    .0403413    .3516873    4.549768    4.710496
       1 |     314    4.612134    .0195457    .3463505    4.573676    4.650591
---------+--------------------------------------------------------------------
Combined |     390    4.615641    .0175718    .3470151    4.581093    4.650189
---------+--------------------------------------------------------------------
    diff |            .0179978    .0444095               -.0693156    .1053113
------------------------------------------------------------------------------
    diff = mean(0) - mean(1)                                      t =   0.4053
H0: diff = 0                                     Degrees of freedom =      388

    Ha: diff < 0                 Ha: diff != 0                 Ha: diff > 0
 Pr(T < t) = 0.6572         Pr(|T| > |t|) = 0.6855          Pr(T > t) = 0.3428

. ttest WAGE_ST2, by(STATE)

Two-sample t test with equal variances
------------------------------------------------------------------------------
   Group |     Obs        Mean    Std. err.   Std. dev.   [95% conf. interval]
---------+--------------------------------------------------------------------
       0 |      71    4.617465    .0424249    .3574781    4.532851    4.702078
       1 |     318    5.080849    .0058626    .1045445    5.069315    5.092384
---------+--------------------------------------------------------------------
Combined |     389    4.996273    .0128373    .2531905    4.971033    5.021512
---------+--------------------------------------------------------------------
    diff |           -.4633844    .0235051               -.5095982   -.4171707
------------------------------------------------------------------------------
    diff = mean(0) - mean(1)                                      t = -19.7142
H0: diff = 0                                     Degrees of freedom =      387

    Ha: diff < 0                 Ha: diff != 0                 Ha: diff > 0
 Pr(T < t) = 0.0000         Pr(|T| > |t|) = 0.0000          Pr(T > t) = 1.0000

. ttest PSODA2, by(STATE)

Two-sample t test with equal variances
------------------------------------------------------------------------------
   Group |     Obs        Mean    Std. err.   Std. dev.   [95% conf. interval]
---------+--------------------------------------------------------------------
       0 |      77    .9754545    .0096124     .084348    .9563099    .9945992
       1 |     311    1.062154    .0049721    .0876845    1.052371    1.071938
---------+--------------------------------------------------------------------
Combined |     388    1.044948    .0047501     .093567    1.035609    1.054288
---------+--------------------------------------------------------------------
    diff |           -.0866998    .0110789               -.1084824   -.0649172
------------------------------------------------------------------------------
    diff = mean(0) - mean(1)                                      t =  -7.8256
H0: diff = 0                                     Degrees of freedom =      386

    Ha: diff < 0                 Ha: diff != 0                 Ha: diff > 0
 Pr(T < t) = 0.0000         Pr(|T| > |t|) = 0.0000          Pr(T > t) = 1.0000

. ttest PFRY2, by(STATE)

Two-sample t test with equal variances
------------------------------------------------------------------------------
   Group |     Obs        Mean    Std. err.   Std. dev.   [95% conf. interval]
---------+--------------------------------------------------------------------
       0 |      73     .859863    .0111539    .0952991    .8376281    .8820979
       1 |     309    .9604531    .0058889    .1035182    .9488654    .9720407
---------+--------------------------------------------------------------------
Combined |     382    .9412304    .0055925    .1093037    .9302344    .9522263
---------+--------------------------------------------------------------------
    diff |           -.1005901    .0132752               -.1266921    -.074488
------------------------------------------------------------------------------
    diff = mean(0) - mean(1)                                      t =  -7.5773
H0: diff = 0                                     Degrees of freedom =      380

    Ha: diff < 0                 Ha: diff != 0                 Ha: diff > 0
 Pr(T < t) = 0.0000         Pr(|T| > |t|) = 0.0000          Pr(T > t) = 1.0000

. ttest PENTREE2, by(STATE)

Two-sample t test with equal variances
------------------------------------------------------------------------------
   Group |     Obs        Mean    Std. err.   Std. dev.   [95% conf. interval]
---------+--------------------------------------------------------------------
       0 |      75    1.185467    .0667372    .5779607     1.05249    1.318443
       1 |     311    1.394727    .0374407    .6602745    1.321057    1.468397
---------+--------------------------------------------------------------------
Combined |     386    1.354067     .033069    .6497019    1.289049    1.419086
---------+--------------------------------------------------------------------
    diff |             -.20926    .0830036               -.3724584   -.0460616
------------------------------------------------------------------------------
    diff = mean(0) - mean(1)                                      t =  -2.5211
H0: diff = 0                                     Degrees of freedom =      384

    Ha: diff < 0                 Ha: diff != 0                 Ha: diff > 0
 Pr(T < t) = 0.0061         Pr(|T| > |t|) = 0.0121          Pr(T > t) = 0.9939

. 
. *------------------------------------------------------------*
. * d)Figure 1: Distribution of Starting Wage Rates (CK 1994)
. *------------------------------------------------------------*
. 
. * bar color black-and-white
. set scheme s2mono

. 
. * Bin settings to match the paper's x-axis: 4.25 to ~5.55 in $0.10 steps
. local start 4.25

. local width 0.10

. 
. *----------------------------*
. * Panel A: February 1992
. *----------------------------*
. twoway ///
>  (histogram WAGE_ST if STATE==1 & !missing(WAGE_ST), ///
>      start(`start') width(`width') percent ///
>      fcolor(black%60) lcolor(black)) ///
>  (histogram WAGE_ST if STATE==0 & !missing(WAGE_ST), ///
>      start(`start') width(`width') percent ///
>      fcolor(none) lcolor(black) lpattern(dash)), ///
>  legend(order(1 "New Jersey" 2 "Pennsylvania") pos(11) ring(0) cols(1)) ///
>  title("February 1992") ///
>  ytitle("Percent of Stores") xtitle("Wage Range") ///
>  graphregion(color(white)) plotregion(margin(zero))

. 
. graph save "fig_wave1.gph", replace
file fig_wave1.gph saved

. graph export "fig_wave1.png", replace
file /Users/yuanhaining/Desktop/fig_wave1.png saved as PNG format

. 
. *----------------------------*
. * Panel B: November 1992
. *----------------------------*
. twoway ///
>  (histogram WAGE_ST2 if STATE==1 & !missing(WAGE_ST2), ///
>      start(`start') width(`width') percent ///
>      fcolor(black%60) lcolor(black)) ///
>  (histogram WAGE_ST2 if STATE==0 & !missing(WAGE_ST2), ///
>      start(`start') width(`width') percent ///
>      fcolor(none) lcolor(black) lpattern(dash)), ///
>  legend(order(1 "New Jersey" 2 "Pennsylvania") pos(11) ring(0) cols(1)) ///
>  title("November 1992") ///
>  ytitle("Percent of Stores") xtitle("Wage Range") ///
>  graphregion(color(white)) plotregion(margin(zero))

. 
. graph save "fig_wave2.gph", replace
file fig_wave2.gph saved

. graph export "fig_wave2.png", replace
file /Users/yuanhaining/Desktop/fig_wave2.png saved as PNG format

. 
. *----------------------------*
. * Combine vertically (like the paper)
. *----------------------------*
. graph combine "fig_wave1.gph" "fig_wave2.gph", ///
>     col(1) imargin(zero) ///
>     title("Distribution of Starting Wage Rates") ///
>     name(fig_all, replace)

. graph export "figure1_replication.png", replace
file /Users/yuanhaining/Desktop/figure1_replication.png saved as PNG format

. 
. *============================*
. * e)TABLE 3 (replication)
. *============================*
. 
. capture drop FTE1 FTE2 balanced closed2 FTE2z dFTE dFTEz nj_low nj_mid nj_high

. gen FTE1 = EMPFT  + 0.5*EMPPT
variable FTE1 already defined
r(110);

end of do-file

r(110);

. do "/var/folders/n6/b63hv83n6kv6klpfspjfc53c0000gn/T//SD16029.000000"

. * --- Q4 setup: load Card & Krueger data ---
. clear all

. set more off

. 
. * Set the working directory
. cd "/Users/yuanhaining/Desktop/"
/Users/yuanhaining/Desktop

. 
. * Load the dataset
.  use cardnj.dta, clear

.  
. * part c:  Table 2 from Card & Krueger (1994)
. * Verify data structure
. describe

Contains data from cardnj.dta
 Observations:           410                  
    Variables:            46                  5 Nov 2021 04:00
--------------------------------------------------------------------------------------------------
Variable      Storage   Display    Value
    name         type    format    label      Variable label
--------------------------------------------------------------------------------------------------
SHEET           float   %9.0g                 sheet number (unique store id)
CHAIN           byte    %8.0g                 chain 1=bk; 2=kfc; 3=roys; 4=wendys
CO_OWNED        byte    %8.0g                 1 if company owned
STATE           byte    %8.0g                 1 if NJ; 0 if Pa
SOUTHJ          byte    %8.0g                 1 if in southern NJ
CENTRALJ        byte    %8.0g                 1 if in central NJ
NORTHJ          byte    %8.0g                 1 if in northern NJ
PA1             byte    %8.0g                 1 if in PA, northeast suburbs of Phila
PA2             byte    %8.0g                 1 if in PA, Easton etc
SHORE           byte    %8.0g                 1 if on NJ shore
NCALLS          float   %9.0g                 number of call-backs*
EMPFT           float   %9.0g                 # full-time employees
EMPPT           float   %9.0g                 # part-time employees
NMGRS           float   %9.0g                 # managers/ass't managers
WAGE_ST         float   %9.0g                 starting wage ($/hr)
INCTIME         float   %9.0g                 months to usual first raise
FIRSTINC        float   %9.0g                 usual amount of first raise ($/hr)
BONUS           byte    %8.0g                 1 if cash bounty for new workers
PCTAFF          float   %9.0g                 % employees affected by new minimum
MEALS           byte    %8.0g                 free/reduced price code (See below)
OPEN            float   %9.0g                 hour of opening
HRSOPEN         float   %9.0g                 number hrs open per day
PSODA           float   %9.0g                 price of medium soda, including tax
PFRY            float   %9.0g                 price of small fries, including tax
PENTREE         float   %9.0g                 price of entree, including tax
NREGS           float   %9.0g                 number of cash registers in store
NREGS11         float   %9.0g                 number of registers open at 11:00 am
TYPE2           byte    %8.0g                 type 2nd interview 1=phone; 2=personal
STATUS2         byte    %8.0g                 status of second interview: see below
DATE2           float   %td                   date of second interview MMDDYY format
NCALLS2         float   %9.0g                 number of call-backs*
EMPFT2          float   %9.0g                 # full-time employees
EMPPT2          float   %9.0g                 # part-time employees
NMGRS2          float   %9.0g                 # managers/ass't managers
WAGE_ST2        float   %9.0g                 starting wage ($/hr)
INCTIME2        float   %9.0g                 months to usual first raise
FIRSTIN2        float   %9.0g                 usual amount of first raise ($/hr)
SPECIAL2        byte    %8.0g                 1 if special program for new workers
MEALS2          byte    %8.0g                 free/reduced price code (See below)
OPEN2R          float   %9.0g                 hour of opening
HRSOPEN2        float   %9.0g                 number hrs open per day
PSODA2          float   %9.0g                 price of medium soda, including tax
PFRY2           float   %9.0g                 price of small fries, including tax
PENTREE2        float   %9.0g                 price of entree, including tax
NREGS2          float   %9.0g                 number of cash registers in store
NREGS112        float   %9.0g                 number of registers open at 11:00 am
--------------------------------------------------------------------------------------------------
Sorted by: 

. * ️1 Distribution of store types (Burger King, KFC, Roy Rogers, Wendy's)
. tab CHAIN STATE, col

+-------------------+
| Key               |
|-------------------|
|     frequency     |
| column percentage |
+-------------------+

     chain |
     1=bk; |
    2=kfc; |
   3=roys; |   1 if NJ; 0 if Pa
  4=wendys |         0          1 |     Total
-----------+----------------------+----------
         1 |        35        136 |       171 
           |     44.30      41.09 |     41.71 
-----------+----------------------+----------
         2 |        12         68 |        80 
           |     15.19      20.54 |     19.51 
-----------+----------------------+----------
         3 |        17         82 |        99 
           |     21.52      24.77 |     24.15 
-----------+----------------------+----------
         4 |        15         45 |        60 
           |     18.99      13.60 |     14.63 
-----------+----------------------+----------
     Total |        79        331 |       410 
           |    100.00     100.00 |    100.00 

. 
. * 2 Create full-time-equivalent (FTE) employment for Wave 1
. gen FTE1 = EMPFT + 0.5*EMPPT
(6 missing values generated)

. 
. * 3 Calculate summary statistics for Wave 1 (Pre-treatment)
. bysort STATE: summarize FTE1 EMPFT EMPPT NMGRS WAGE_ST PSODA PFRY PENTREE HRSOPEN

--------------------------------------------------------------------------------------------------
-> STATE = 0

    Variable |        Obs        Mean    Std. dev.       Min        Max
-------------+---------------------------------------------------------
        FTE1 |         78    19.94872    11.67994        4.5       67.5
       EMPFT |         78    10.20513    10.77589          0         50
       EMPPT |         78    19.48718    9.577427          2         55
       NMGRS |         78    3.538462    1.101266          1          7
     WAGE_ST |         76    4.630132    .3516873       4.25        5.5
-------------+---------------------------------------------------------
       PSODA |         77    .9746753    .0694827        .73       1.13
        PFRY |         77     .841948      .08751        .69       1.05
     PENTREE |         77    1.215065    .6228893        .52        3.5
     HRSOPEN |         79    14.52532    2.951422          8         24

--------------------------------------------------------------------------------------------------
-> STATE = 1

    Variable |        Obs        Mean    Std. dev.       Min        Max
-------------+---------------------------------------------------------
        FTE1 |        326    17.06518    8.727993          3         80
       EMPFT |        326    7.723926     7.96389          0         60
       EMPPT |        328     18.6753    10.20586          0         60
       NMGRS |        326    3.392025    .9972875          1         10
     WAGE_ST |        314    4.612134    .3463505       4.25       5.75
-------------+---------------------------------------------------------
       PSODA |        325    1.061508    .0845789        .85       1.49
        PFRY |        316    .9414873    .1007779        .67       1.27
     PENTREE |        321    1.347882    .6461413        .49       3.95
     HRSOPEN |        331    14.41843    2.779414          7         24


. 
. * 4 Create FTE for Wave 2
. gen FTE2 = EMPFT2 + 0.5*EMPPT2
(13 missing values generated)

. 
. * 5 Summary statistics for Wave 2 (Post-treatment)
. bysort STATE: summarize FTE2 EMPFT2 EMPPT2 NMGRS2 WAGE_ST2 PSODA2 PFRY2 PENTREE2 HRSOPEN2

--------------------------------------------------------------------------------------------------
-> STATE = 0

    Variable |        Obs        Mean    Std. dev.       Min        Max
-------------+---------------------------------------------------------
        FTE2 |         77    17.54221    7.909272          0      38.25
      EMPFT2 |         77    7.564935    8.492005          0         35
      EMPPT2 |         77    19.95455    10.20422          0         48
      NMGRS2 |         78    3.641026    1.289058          0          8
    WAGE_ST2 |         71    4.617465    .3574781       4.25       6.25
-------------+---------------------------------------------------------
      PSODA2 |         77    .9754545     .084348        .41       1.11
       PFRY2 |         73     .859863    .0952991        .69       1.11
    PENTREE2 |         75    1.185467    .5779607        .63       2.64
    HRSOPEN2 |         78    14.65385    2.887847          9         24

--------------------------------------------------------------------------------------------------
-> STATE = 1

    Variable |        Obs        Mean    Std. dev.       Min        Max
-------------+---------------------------------------------------------
        FTE2 |        320    17.57266    8.778737          0       55.5
      EMPFT2 |        321    8.445483    7.844942          0         40
      EMPPT2 |        323    18.37307    10.80736          0         60
      NMGRS2 |        326    3.446319    1.100085          0          8
    WAGE_ST2 |        318    5.080849    .1045445          5       5.75
-------------+---------------------------------------------------------
      PSODA2 |        311    1.062154    .0876845        .84        1.4
       PFRY2 |        309    .9604531    .1035182        .73       1.37
    PENTREE2 |        311    1.394727    .6602745        .41       2.85
    HRSOPEN2 |        321    14.41978    2.721297          8         24


. 
. * 6 t-tests comparing NJ vs. PA
. ttest FTE1, by(STATE)

Two-sample t test with equal variances
------------------------------------------------------------------------------
   Group |     Obs        Mean    Std. err.   Std. dev.   [95% conf. interval]
---------+--------------------------------------------------------------------
       0 |      78    19.94872    1.322493    11.67994     17.3153    22.58214
       1 |     326    17.06518    .4833988    8.727993     16.1142    18.01617
---------+--------------------------------------------------------------------
Combined |     404    17.62191    .4688249    9.423264    16.70026    18.54355
---------+--------------------------------------------------------------------
    diff |            2.883534    1.180528                .5627538    5.204314
------------------------------------------------------------------------------
    diff = mean(0) - mean(1)                                      t =   2.4426
H0: diff = 0                                     Degrees of freedom =      402

    Ha: diff < 0                 Ha: diff != 0                 Ha: diff > 0
 Pr(T < t) = 0.9925         Pr(|T| > |t|) = 0.0150          Pr(T > t) = 0.0075

. ttest FTE2, by(STATE)

Two-sample t test with equal variances
------------------------------------------------------------------------------
   Group |     Obs        Mean    Std. err.   Std. dev.   [95% conf. interval]
---------+--------------------------------------------------------------------
       0 |      77    17.54221    .9013452    7.909272    15.74702    19.33739
       1 |     320    17.57266    .4907463    8.778737    16.60715    18.53816
---------+--------------------------------------------------------------------
Combined |     397    17.56675    .4319923    8.607385    16.71747    18.41604
---------+--------------------------------------------------------------------
    diff |           -.0304485    1.093943               -2.181127     2.12023
------------------------------------------------------------------------------
    diff = mean(0) - mean(1)                                      t =  -0.0278
H0: diff = 0                                     Degrees of freedom =      395

    Ha: diff < 0                 Ha: diff != 0                 Ha: diff > 0
 Pr(T < t) = 0.4889         Pr(|T| > |t|) = 0.9778          Pr(T > t) = 0.5111

. ttest WAGE_ST, by(STATE)

Two-sample t test with equal variances
------------------------------------------------------------------------------
   Group |     Obs        Mean    Std. err.   Std. dev.   [95% conf. interval]
---------+--------------------------------------------------------------------
       0 |      76    4.630132    .0403413    .3516873    4.549768    4.710496
       1 |     314    4.612134    .0195457    .3463505    4.573676    4.650591
---------+--------------------------------------------------------------------
Combined |     390    4.615641    .0175718    .3470151    4.581093    4.650189
---------+--------------------------------------------------------------------
    diff |            .0179978    .0444095               -.0693156    .1053113
------------------------------------------------------------------------------
    diff = mean(0) - mean(1)                                      t =   0.4053
H0: diff = 0                                     Degrees of freedom =      388

    Ha: diff < 0                 Ha: diff != 0                 Ha: diff > 0
 Pr(T < t) = 0.6572         Pr(|T| > |t|) = 0.6855          Pr(T > t) = 0.3428

. ttest WAGE_ST2, by(STATE)

Two-sample t test with equal variances
------------------------------------------------------------------------------
   Group |     Obs        Mean    Std. err.   Std. dev.   [95% conf. interval]
---------+--------------------------------------------------------------------
       0 |      71    4.617465    .0424249    .3574781    4.532851    4.702078
       1 |     318    5.080849    .0058626    .1045445    5.069315    5.092384
---------+--------------------------------------------------------------------
Combined |     389    4.996273    .0128373    .2531905    4.971033    5.021512
---------+--------------------------------------------------------------------
    diff |           -.4633844    .0235051               -.5095982   -.4171707
------------------------------------------------------------------------------
    diff = mean(0) - mean(1)                                      t = -19.7142
H0: diff = 0                                     Degrees of freedom =      387

    Ha: diff < 0                 Ha: diff != 0                 Ha: diff > 0
 Pr(T < t) = 0.0000         Pr(|T| > |t|) = 0.0000          Pr(T > t) = 1.0000

. ttest PSODA2, by(STATE)

Two-sample t test with equal variances
------------------------------------------------------------------------------
   Group |     Obs        Mean    Std. err.   Std. dev.   [95% conf. interval]
---------+--------------------------------------------------------------------
       0 |      77    .9754545    .0096124     .084348    .9563099    .9945992
       1 |     311    1.062154    .0049721    .0876845    1.052371    1.071938
---------+--------------------------------------------------------------------
Combined |     388    1.044948    .0047501     .093567    1.035609    1.054288
---------+--------------------------------------------------------------------
    diff |           -.0866998    .0110789               -.1084824   -.0649172
------------------------------------------------------------------------------
    diff = mean(0) - mean(1)                                      t =  -7.8256
H0: diff = 0                                     Degrees of freedom =      386

    Ha: diff < 0                 Ha: diff != 0                 Ha: diff > 0
 Pr(T < t) = 0.0000         Pr(|T| > |t|) = 0.0000          Pr(T > t) = 1.0000

. ttest PFRY2, by(STATE)

Two-sample t test with equal variances
------------------------------------------------------------------------------
   Group |     Obs        Mean    Std. err.   Std. dev.   [95% conf. interval]
---------+--------------------------------------------------------------------
       0 |      73     .859863    .0111539    .0952991    .8376281    .8820979
       1 |     309    .9604531    .0058889    .1035182    .9488654    .9720407
---------+--------------------------------------------------------------------
Combined |     382    .9412304    .0055925    .1093037    .9302344    .9522263
---------+--------------------------------------------------------------------
    diff |           -.1005901    .0132752               -.1266921    -.074488
------------------------------------------------------------------------------
    diff = mean(0) - mean(1)                                      t =  -7.5773
H0: diff = 0                                     Degrees of freedom =      380

    Ha: diff < 0                 Ha: diff != 0                 Ha: diff > 0
 Pr(T < t) = 0.0000         Pr(|T| > |t|) = 0.0000          Pr(T > t) = 1.0000

. ttest PENTREE2, by(STATE)

Two-sample t test with equal variances
------------------------------------------------------------------------------
   Group |     Obs        Mean    Std. err.   Std. dev.   [95% conf. interval]
---------+--------------------------------------------------------------------
       0 |      75    1.185467    .0667372    .5779607     1.05249    1.318443
       1 |     311    1.394727    .0374407    .6602745    1.321057    1.468397
---------+--------------------------------------------------------------------
Combined |     386    1.354067     .033069    .6497019    1.289049    1.419086
---------+--------------------------------------------------------------------
    diff |             -.20926    .0830036               -.3724584   -.0460616
------------------------------------------------------------------------------
    diff = mean(0) - mean(1)                                      t =  -2.5211
H0: diff = 0                                     Degrees of freedom =      384

    Ha: diff < 0                 Ha: diff != 0                 Ha: diff > 0
 Pr(T < t) = 0.0061         Pr(|T| > |t|) = 0.0121          Pr(T > t) = 0.9939

. 
. *------------------------------------------------------------*
. * d)Figure 1: Distribution of Starting Wage Rates (CK 1994)
. *------------------------------------------------------------*
. 
. * bar color black-and-white
. set scheme s2mono

. 
. * Bin settings to match the paper's x-axis: 4.25 to ~5.55 in $0.10 steps
. local start 4.25

. local width 0.10

. 
. *----------------------------*
. * Panel A: February 1992
. *----------------------------*
. twoway ///
>  (histogram WAGE_ST if STATE==1 & !missing(WAGE_ST), ///
>      start(`start') width(`width') percent ///
>      fcolor(black%60) lcolor(black)) ///
>  (histogram WAGE_ST if STATE==0 & !missing(WAGE_ST), ///
>      start(`start') width(`width') percent ///
>      fcolor(none) lcolor(black) lpattern(dash)), ///
>  legend(order(1 "New Jersey" 2 "Pennsylvania") pos(11) ring(0) cols(1)) ///
>  title("February 1992") ///
>  ytitle("Percent of Stores") xtitle("Wage Range") ///
>  graphregion(color(white)) plotregion(margin(zero))

. 
. graph save "fig_wave1.gph", replace
file fig_wave1.gph saved

. graph export "fig_wave1.png", replace
file /Users/yuanhaining/Desktop/fig_wave1.png saved as PNG format

. 
. *----------------------------*
. * Panel B: November 1992
. *----------------------------*
. twoway ///
>  (histogram WAGE_ST2 if STATE==1 & !missing(WAGE_ST2), ///
>      start(`start') width(`width') percent ///
>      fcolor(black%60) lcolor(black)) ///
>  (histogram WAGE_ST2 if STATE==0 & !missing(WAGE_ST2), ///
>      start(`start') width(`width') percent ///
>      fcolor(none) lcolor(black) lpattern(dash)), ///
>  legend(order(1 "New Jersey" 2 "Pennsylvania") pos(11) ring(0) cols(1)) ///
>  title("November 1992") ///
>  ytitle("Percent of Stores") xtitle("Wage Range") ///
>  graphregion(color(white)) plotregion(margin(zero))

. 
. graph save "fig_wave2.gph", replace
file fig_wave2.gph saved

. graph export "fig_wave2.png", replace
file /Users/yuanhaining/Desktop/fig_wave2.png saved as PNG format

. 
. *----------------------------*
. * Combine vertically (like the paper)
. *----------------------------*
. graph combine "fig_wave1.gph" "fig_wave2.gph", ///
>     col(1) imargin(zero) ///
>     title("Distribution of Starting Wage Rates") ///
>     name(fig_all, replace)

. graph export "figure1_replication.png", replace
file /Users/yuanhaining/Desktop/figure1_replication.png saved as PNG format

. 
. *============================*
. * e)TABLE 3 (replication)
. *============================*
. * Card & Krueger (1994) — Tables 3 and 4
. * --- Reset / (re)build helper variables safely ---
. foreach v in FTE1 FTE2 FTE2z dFTE dFTEz balanced closed2 nj_low nj_mid nj_high wagegap NJ sample
>  {
  2.     capture drop `v'
  3. }

. 
. * Full-time-equivalent employment in each wave
. gen FTE1 = EMPFT  + 0.5*EMPPT
(6 missing values generated)

. gen FTE2 = EMPFT2 + 0.5*EMPPT2
(13 missing values generated)

. 
. * Balanced panel: employment observed in both waves
. gen balanced = !missing(FTE1) & !missing(FTE2)

. 
. * Wave-2 temporarily closed: handle gracefully if STATUS2 exists
. capture confirm variable STATUS2

. if _rc==0 {
.     * Common coding: 1=open. Adjust here if your coding differs.
.     gen closed2 = (STATUS2!=. & STATUS2!=1)
. }

. else {
.     di as text "NOTE: STATUS2 not found; treating all wave-2 stores as open."
.     gen closed2 = 0
. }

. 
. * Set FTE2=0 for closed stores (used in Table 3 row 5)
. gen FTE2z = FTE2
(13 missing values generated)

. replace FTE2z = 0 if closed2
(5 real changes made)

. 
. * Changes
. gen dFTE  = FTE2  - FTE1
(19 missing values generated)

. gen dFTEz = FTE2z - FTE1
(14 missing values generated)

. 
. * New Jersey wage groups based on Wave-1 starting wage (exactly as in CK)
. gen nj_low  = (STATE==1 & WAGE_ST==4.25)

. gen nj_mid  = (STATE==1 & WAGE_ST>4.25 & WAGE_ST<5)

. gen nj_high = (STATE==1 & WAGE_ST>=5)

. 
. * =============================== TABLE 3 ========================================
. di as txt "================  TABLE 3 (replication)  ================"
================  TABLE 3 (replication)  ================

. 
. * --- PA vs NJ means and changes ---
. quietly summarize FTE1 if STATE==0

. local pa_fte1 = r(mean)

. quietly summarize FTE1 if STATE==1

. local nj_fte1 = r(mean)

. 
. quietly summarize FTE2 if STATE==0

. local pa_fte2 = r(mean)

. quietly summarize FTE2 if STATE==1

. local nj_fte2 = r(mean)

. 
. local diff_fte1 = `nj_fte1' - `pa_fte1'

. local diff_fte2 = `nj_fte2' - `pa_fte2'

. 
. local pa_chg3   = `pa_fte2' - `pa_fte1'

. local nj_chg3   = `nj_fte2' - `nj_fte1'

. local diff_chg3 = `nj_chg3' - `pa_chg3'

. 
. quietly summarize dFTE if STATE==0 & balanced

. local pa_chg4 = r(mean)

. quietly summarize dFTE if STATE==1 & balanced

. local nj_chg4 = r(mean)

. local diff_chg4 = `nj_chg4' - `pa_chg4'

. 
. quietly summarize dFTEz if STATE==0 & balanced

. local pa_chg5 = r(mean)

. quietly summarize dFTEz if STATE==1 & balanced

. local nj_chg5 = r(mean)

. local diff_chg5 = `nj_chg5' - `pa_chg5'

. 
. * --- Within-NJ means/changes by W1 wage group ---
. quietly summarize FTE1 if nj_low

. local l_fte1 = r(mean)

. quietly summarize FTE1 if nj_mid

. local m_fte1 = r(mean)

. quietly summarize FTE1 if nj_high

. local h_fte1 = r(mean)

. 
. quietly summarize FTE2 if nj_low

. local l_fte2 = r(mean)

. quietly summarize FTE2 if nj_mid

. local m_fte2 = r(mean)

. quietly summarize FTE2 if nj_high

. local h_fte2 = r(mean)

. 
. local l_chg3 = `l_fte2' - `l_fte1'

. local m_chg3 = `m_fte2' - `m_fte1'

. local h_chg3 = `h_fte2' - `h_fte1'

. 
. quietly summarize dFTE if nj_low  & balanced

. local l_chg4 = r(mean)

. quietly summarize dFTE if nj_mid  & balanced

. local m_chg4 = r(mean)

. quietly summarize dFTE if nj_high & balanced

. local h_chg4 = r(mean)

. 
. quietly summarize dFTEz if nj_low  & balanced

. local l_chg5 = r(mean)

. quietly summarize dFTEz if nj_mid  & balanced

. local m_chg5 = r(mean)

. quietly summarize dFTEz if nj_high & balanced

. local h_chg5 = r(mean)

. 
. * Differences within NJ (low–high, mid–high)
. local d1_lowhigh = `l_fte1' - `h_fte1'

. local d1_midhigh = `m_fte1' - `h_fte1'

. local d2_lowhigh = `l_fte2' - `h_fte2'

. local d2_midhigh = `m_fte2' - `h_fte2'

. local d3_lowhigh = `l_chg3' - `h_chg3'

. local d3_midhigh = `m_chg3' - `h_chg3'

. local d4_lowhigh = `l_chg4' - `h_chg4'

. local d4_midhigh = `m_chg4' - `h_chg4'

. local d5_lowhigh = `l_chg5' - `h_chg5'

. local d5_midhigh = `m_chg5' - `h_chg5'

. 
. * --- Print Table 3 as a grid ---
. matrix T3 = J(5,8,.)

. matrix rownames T3 = "FTE before (W1)" "FTE after (W2)" "Δ mean (unbal.)" "Δ mean (balanced)" "Δ
>  mean (bal., closed=0)"

. matrix colnames T3 = "PA (i)" "NJ (ii)" "NJ-PA (iii)" "NJ<=4.25 (iv)" "NJ 4.26-4.99 (v)" "NJ>=5 
> (vi)" "Low-High (vii)" "Mid-High (viii)"

. matrix T3[1,1] = `pa_fte1', `nj_fte1', `diff_fte1', `l_fte1', `m_fte1', `h_fte1', `d1_lowhigh', 
> `d1_midhigh'

. matrix T3[2,1] = `pa_fte2', `nj_fte2', `diff_fte2', `l_fte2', `m_fte2', `h_fte2', `d2_lowhigh', 
> `d2_midhigh'

. matrix T3[3,1] = `pa_chg3', `nj_chg3', `diff_chg3', `l_chg3', `m_chg3', `h_chg3', `d3_lowhigh', 
> `d3_midhigh'

. matrix T3[4,1] = `pa_chg4', `nj_chg4', `diff_chg4', `l_chg4', `m_chg4', `h_chg4', `d4_lowhigh', 
> `d4_midhigh'

. matrix T3[5,1] = `pa_chg5', `nj_chg5', `diff_chg5', `l_chg5', `m_chg5', `h_chg5', `d5_lowhigh', 
> `d5_midhigh'

. 
. matlist T3, names format(%6.2f)

             |  PA(i)  NJ(ii)  NJ-P~)  NJ<=~)  NJ 4~)  NJ>=~)  Low-~)  Mid-~) 
-------------+---------------------------------------------------------------
FTE befor~1) |  19.95   17.07   -2.88   16.35   16.56   18.68   -2.33   -2.12 
FTE after~2) |  17.54   17.57    0.03   17.37   17.56   17.82   -0.46   -0.26 
Δ mean (un~) |  -2.41    0.51    2.91    1.02    1.01   -0.85    1.87    1.86 
Δ mean (ba~) |  -2.49    0.45    2.94    1.04    0.84   -0.84    1.89    1.68 
Δ mean (b~0) |  -2.49    0.45    2.94    1.04    0.84   -0.84    1.89    1.68 

. di as txt "=========================================================="
==========================================================

. 
. 
. * =============================== TABLE 4 ========================================
. di as txt "================  TABLE 4 (replication)  ================"
================  TABLE 4 (replication)  ================

. 
. * Treatment intensity: proportional raise needed in Wave 1 to reach $5.05
. gen wagegap = 0

. replace wagegap = (5.05 - WAGE_ST)/WAGE_ST if STATE==1 & WAGE_ST<5 & !missing(WAGE_ST)
(241 real changes made)

. 
. * NJ dummy & sample as in CK
. gen NJ = (STATE==1)

. gen sample = balanced & !missing(WAGE_ST)

. 
. * Build control lists only if variables exist (prevents aborts)
. local C1

. capture confirm variable CHAIN

. if _rc==0 local C1 "`C1' i.CHAIN"

. capture confirm variable CO_OWNED

. if _rc==0 local C1 "`C1' CO_OWNED"

. 
. local C2 "`C1'"

. foreach v in SOUTHJ CENTRLJ PA1 PA2 {
  2.     capture confirm variable `v'
  3.     if _rc==0 local C2 "`C2' `v'"
  4. }

. 
. * Four columns (prints regression output)
. estimates clear

. reg dFTE NJ if sample

      Source |       SS           df       MS      Number of obs   =       372
-------------+----------------------------------   F(1, 370)       =      5.14
       Model |  369.271907         1  369.271907   Prob > F        =    0.0240
    Residual |  26595.5082       370  71.8797518   R-squared       =    0.0137
-------------+----------------------------------   Adj R-squared   =    0.0110
       Total |  26964.7801       371  72.6813479   Root MSE        =    8.4782

------------------------------------------------------------------------------
        dFTE | Coefficient  Std. err.      t    P>|t|     [95% conf. interval]
-------------+----------------------------------------------------------------
          NJ |   2.508693   1.106822     2.27   0.024     .3322431    4.685144
       _cons |  -2.335616   .9922974    -2.35   0.019    -4.286866   -.3843666
------------------------------------------------------------------------------

. estimates store m1

. 
. reg dFTE NJ wagegap if sample

      Source |       SS           df       MS      Number of obs   =       372
-------------+----------------------------------   F(2, 369)       =      4.37
       Model |  624.455995         2  312.227997   Prob > F        =    0.0133
    Residual |  26340.3241       369  71.3829921   R-squared       =    0.0232
-------------+----------------------------------   Adj R-squared   =    0.0179
       Total |  26964.7801       371  72.6813479   Root MSE        =    8.4488

------------------------------------------------------------------------------
        dFTE | Coefficient  Std. err.      t    P>|t|     [95% conf. interval]
-------------+----------------------------------------------------------------
          NJ |   1.187389    1.30574     0.91   0.364    -1.380235    3.755013
     wagegap |   12.63332   6.681718     1.89   0.059    -.5056998    25.77234
       _cons |  -2.335616   .9888626    -2.36   0.019    -4.280129   -.3911035
------------------------------------------------------------------------------

. estimates store m2

. 
. reg dFTE NJ wagegap `C1' if sample

      Source |       SS           df       MS      Number of obs   =       372
-------------+----------------------------------   F(6, 365)       =      2.17
       Model |  928.875267         6  154.812544   Prob > F        =    0.0452
    Residual |  26035.9048       365   71.331246   R-squared       =    0.0344
-------------+----------------------------------   Adj R-squared   =    0.0186
       Total |  26964.7801       371  72.6813479   Root MSE        =    8.4458

------------------------------------------------------------------------------
        dFTE | Coefficient  Std. err.      t    P>|t|     [95% conf. interval]
-------------+----------------------------------------------------------------
          NJ |   1.260703   1.314886     0.96   0.338       -1.325    3.846406
     wagegap |   11.61625   6.830184     1.70   0.090    -1.815202     25.0477
             |
       CHAIN |
          2  |   .8848806   1.225147     0.72   0.471    -1.524352    3.294113
          3  |  -1.716464   1.251223    -1.37   0.171    -4.176974    .7440467
          4  |   .2606697   1.408879     0.19   0.853    -2.509869    3.031209
             |
    CO_OWNED |   .1539838   1.037736     0.15   0.882    -1.886708    2.194676
       _cons |  -2.156263   1.123129    -1.92   0.056    -4.364879    .0523527
------------------------------------------------------------------------------

. estimates store m3

. 
. reg dFTE NJ wagegap `C2' if sample
note: PA2 omitted because of collinearity.

      Source |       SS           df       MS      Number of obs   =       372
-------------+----------------------------------   F(8, 363)       =      2.10
       Model |   1190.7757         8  148.846962   Prob > F        =    0.0354
    Residual |  25774.0044       363  71.0027669   R-squared       =    0.0442
-------------+----------------------------------   Adj R-squared   =    0.0231
       Total |  26964.7801       371  72.6813479   Root MSE        =    8.4263

------------------------------------------------------------------------------
        dFTE | Coefficient  Std. err.      t    P>|t|     [95% conf. interval]
-------------+----------------------------------------------------------------
          NJ |   -.476271   1.597425    -0.30   0.766     -3.61764    2.665098
     wagegap |    11.3782   6.850424     1.66   0.098    -2.093302     24.8497
             |
       CHAIN |
          2  |   .7896588    1.23013     0.64   0.521    -1.629417    3.208735
          3  |  -1.999772   1.257494    -1.59   0.113    -4.472659    .4731153
          4  |   .5344895   1.413692     0.38   0.706    -2.245565    3.314544
             |
    CO_OWNED |   .0246089   1.043836     0.02   0.981    -2.028116    2.077334
      SOUTHJ |   .3109703    1.09656     0.28   0.777    -1.845437    2.467377
         PA1 |  -3.882967   2.040475    -1.90   0.058    -7.895605    .1296697
         PA2 |          0  (omitted)
       _cons |  -.3795766   1.454434    -0.26   0.794    -3.239751    2.480598
------------------------------------------------------------------------------

. estimates store m4

. 
. * Side-by-side model table (built-in)
. estimates table m1 m2 m3 m4, b se stats(N r2)

------------------------------------------------------------------
    Variable |     m1           m2           m3           m4      
-------------+----------------------------------------------------
          NJ |  2.5086934    1.1873891    1.2607027   -.47627103  
             |  1.1068219    1.3057396    1.3148859    1.5974248  
     wagegap |               12.633323    11.616249    11.378197  
             |               6.6817183     6.830184    6.8504236  
             |
       CHAIN |
          2  |                            .88488062    .78965877  
             |                             1.225147      1.23013  
          3  |                           -1.7164636   -1.9997717  
             |                            1.2512228    1.2574935  
          4  |                             .2606697    .53448952  
             |                            1.4088792    1.4136918  
             |
    CO_OWNED |                            .15398378    .02460887  
             |                            1.0377361     1.043836  
      SOUTHJ |                                         .31097027  
             |                                         1.0965596  
         PA1 |                                        -3.8829675  
             |                                         2.0404755  
         PA2 |                                         (omitted)  
             |                                                    
       _cons | -2.3356164   -2.3356164   -2.1562634   -.37957664  
             |   .9922974    .98886258    1.1231291     1.454434  
-------------+----------------------------------------------------
           N |        372          372          372          372  
          r2 |   .0136946    .02315821    .03444772    .04416041  
------------------------------------------------------------------
                                                      Legend: b/se

. 
. di as txt "=========================================================="
==========================================================

. * ========================== End of Tables 3 & 4 ===============================
. 
end of do-file

. save "/Users/yuanhaining/Desktop/cardnj.dta", replace
file /Users/yuanhaining/Desktop/cardnj.dta saved

. log close
      name:  <unnamed>
       log:  /Users/yuanhaining/Desktop/card paper replication .log
  log type:  text
 closed on:   8 Oct 2025, 18:17:25
--------------------------------------------------------------------------------------------------
